period,Age,CO2,higher,lower,author
G,14.01,233.99,42.31,37.25,chalk
G,14.01,231.32,44.04,44.04,dyez
G,14.01,250.78,29,29,Henehan
G,14.01,234.32,20.44,18.77,sosdian
G,14.57,220,29,29,Henehan
G,14.6,241.99,26.8,26.8,dyez
G,14.6,232.36,25.63,25.63,dyez
G,14.61,253.95,20.17,20.17,hoenisch
G,15.07,230.14,41.11,35.7,chalk
G,15.07,217.67,40.65,36.54,chalk
G,15.07,228.76,43.81,43.81,dyez
G,15.07,216.65,45.4,45.4,dyez
G,15.07,249.49,29,29,Henehan
G,15.07,236.58,29,29,Henehan
G,15.07,231.41,20.27,18.71,sosdian
G,15.07,220.22,19.35,18.31,sosdian
G,15.1,258,20,20,Foster
G,15.1,251,20,20,Foster
G,16.59,193.91,29,29,Henehan
G,17,185.27,19.8,18.92,sosdian
G,17.26,222.06,38.03,34.46,chalk
G,17.26,222.06,39.81,39.81,dyez
G,17.26,240.35,29,29,Henehan
G,17.26,223.23,19.11,17.48,sosdian
G,17.3,251,20,20,Foster
G,18.16,194.11,29,29,Henehan
G,19.06,209.4,29,29,Henehan
G,19.19,161.35,33.21,30.89,chalk
G,19.19,162.95,38.89,38.89,dyez
G,19.19,175.9,29,29,Henehan
G,19.19,166.36,15.32,14.08,sosdian
G,19.2,210,20,20,Foster
G,20.4,178.77,20.38,20.38,dyez
G,20.44,183.44,13.82,13.82,hoenisch
G,20.86,216.74,29,29,Henehan
G,21.1,235,20,20,Foster
G,21.12,199.34,34.15,32.16,chalk
G,21.12,199.9,35.11,35.11,dyez
G,21.12,218.78,29,29,Henehan
G,21.12,201.25,16.66,15.53,sosdian
G,22.46,219.99,29,29,Henehan
G,22.5,239,20,20,Foster
G,22.61,201.6,36.2,32.92,chalk
G,22.61,202.61,38.16,38.16,dyez
G,22.61,203.9,17.34,16.33,sosdian
G,22.72,185.2,13.82,13.82,hoenisch
G,23.86,225.22,29,29,Henehan
G,24.38,179.6,32.58,30.36,chalk
G,24.38,180.8,34.43,34.43,dyez
G,24.38,183.92,15.42,14.47,sosdian
G,24.79,195.21,29,29,Henehan
G,24.8,223,20,20,Foster
G,25.51,170.82,36.94,32.39,chalk
G,25.51,165.81,32.28,28.99,chalk
G,25.51,172,44.25,44.25,dyez
G,25.51,167.07,35.43,35.43,dyez
G,25.51,175.55,16.82,15.92,sosdian
G,25.51,170.91,14.94,13.68,sosdian
G,26.28,184.8,29,29,Henehan
G,26.28,179.7,29,29,Henehan
G,26.3,215,20,20,Foster
G,26.3,212,20,20,Foster
G,27.37,208.16,29,29,Henehan
G,61.28,198.09,44.45,37.3,chalk
G,61.28,198.65,54.27,54.27,dyez
G,61.28,201.4,21.11,18.8,sosdian
G,61.4,234,20,20,Foster
G,68.11,251.9,19.48,19.48,hoenisch
G,70.58,246.26,19.48,19.48,hoenisch
G,70.6,242.25,27.33,27.33,dyez
G,130.86,282.02,62.71,51.31,chalk
G,130.86,281.03,78.18,78.18,dyez
G,130.86,281.5,30.64,28.56,sosdian
G,131,286,20,20,Foster
G,131.32,290,22.82,22.82,hoenisch
G,131.91,246.89,37.73,36.4,chalk
G,131.91,261.03,36.98,36.98,dyez
G,131.91,248.66,22.79,21.57,sosdian
G,133.22,235.32,36.79,33.64,chalk
G,133.22,251,36.02,36.02,dyez
G,133.22,236.46,22.09,20.24,sosdian
G,134,206.84,34.6,32.72,chalk
G,134,222.15,36.54,36.54,dyez
G,134,210.93,20.37,19.11,sosdian
G,135.57,206.64,34.31,31.73,chalk
G,135.57,222.6,35.83,35.83,dyez
G,135.57,208.72,20.2,18.6,sosdian
G,136.63,203.4,14.86,14.86,hoenisch
G,136.8,197.65,22.02,22.02,dyez
G,136.84,194.89,14.86,14.86,hoenisch
G,137.69,189,13.21,13.21,hoenisch
G,138.59,175.16,13.21,13.21,hoenisch
G,138.6,177.22,20.42,20.42,dyez
G,138.97,205.84,34.05,31.61,chalk
G,138.97,222.05,34.81,34.81,dyez
G,138.97,208.61,19.28,18.26,sosdian
G,146.69,213.74,35.22,32.38,chalk
G,146.69,229.44,35.57,35.57,dyez
G,146.69,216.63,20.43,19.24,sosdian
G,150.04,206.18,33.87,31.98,chalk
G,150.04,221.38,34.89,34.89,dyez
G,150.04,209.79,19.96,18.36,sosdian
G,169.76,205.88,34.27,32.54,chalk
G,169.76,219.83,34.83,34.83,dyez
G,169.76,209.58,19.41,18.18,sosdian
G,179.94,203.83,34.01,31.02,chalk
G,179.94,218.52,33.83,33.83,dyez
G,179.94,206.54,19.66,17.69,sosdian
G,184.37,212.91,35.24,32.83,chalk
G,184.37,228.74,35.29,35.29,dyez
G,184.37,214.37,20.9,19.2,sosdian
G,190.01,223.07,35.36,33.44,chalk
G,190.01,236,33.76,33.76,dyez
G,190.01,223.75,21.38,19.21,sosdian
G,247.18,262.25,39.46,35.71,chalk
G,247.18,279.67,37.35,37.35,dyez
G,247.18,259.76,24.62,22.66,sosdian
G,250.07,222.84,35.57,33.12,chalk
G,250.07,239.57,35.13,35.13,dyez
G,250.07,224.97,21.63,19.77,sosdian
G,257.84,232.4,36.9,33.43,chalk
G,257.84,249.37,33.81,33.81,dyez
G,257.84,233.39,21.61,20,sosdian
G,358.5,212.41,23.57,23.57,dyez
G,358.55,201.87,15.57,15.57,hoenisch
G,362.43,214.8,15.57,15.57,hoenisch
G,366.89,214.13,16.72,16.72,hoenisch
G,366.9,224.23,24.89,24.89,dyez
G,370.03,229.2,16.72,16.72,hoenisch
G,456,290,25,25,Seki
G,456.3,334.31,48.38,48.38,dyez
G,538.7,162.23,10.52,9.8,stap
G,541.55,234.83,18.63,18.63,hoenisch
G,541.6,244.39,27.44,27.44,dyez
G,541.8,281.48,20.62,18.85,stap
G,560,199.53,37.48,31.6,sosdian
G,650.99,166.92,12.6,12.6,hoenisch
G,651,174.36,20.37,20.37,dyez
G,662.08,189.43,14.52,14.52,hoenisch
G,662.1,198.75,22.33,22.33,dyez
G,675,216.55,24.12,24.12,dyez
G,675.04,211.01,16.42,16.42,hoenisch
G,731,223.8,24.93,24.93,dyez
G,731.02,219.29,17.21,17.21,hoenisch
G,752.4,208.84,23.37,23.37,dyez
G,752.43,201.41,15.55,15.55,hoenisch
G,757.9,174.84,23.08,20.05,stap
G,891.89,195.3,15.02,15.02,hoenisch
G,891.9,202.01,22.8,22.8,dyez
G,900,312.84,45.37,45.37,dyez
G,900,279,25,25,Seki
G,900,280,25,25,Seki
G,930.47,246.73,24.66,22.63,sosdian
G,1087.26,228.15,35.21,33.89,chalk
G,1087.26,243.98,33.09,33.09,dyez
G,1087.26,232.86,27.37,24.96,sosdian
G,1088.69,255.08,37.68,36.51,chalk
G,1088.69,271.93,35.49,35.49,dyez
G,1088.69,257.79,31.05,27.12,sosdian
G,1090.03,218.11,33.25,32.61,chalk
G,1090.03,233.55,31.65,31.65,dyez
G,1090.03,223.46,24.86,22.67,sosdian
G,1092.67,236.66,36.65,34.58,chalk
G,1092.67,253.57,34.52,34.52,dyez
G,1092.67,242.14,28.26,25.54,sosdian
G,1094.71,246.54,37.36,36.54,chalk
G,1094.71,263.76,36.98,36.98,dyez
G,1094.71,251.16,30.96,26.88,sosdian
G,1099.46,322.55,44.6,42.53,chalk
G,1099.46,343.51,44.57,44.57,dyez
G,1099.46,320.95,39.69,33.75,sosdian
G,1102.42,300.97,42.96,40.89,chalk
G,1102.42,320.33,40.87,40.87,dyez
G,1102.42,301.81,36.05,32.6,sosdian
G,1103.16,286.69,43.96,42.5,chalk
G,1103.16,330.27,52.82,52.82,dyez
G,1103.16,286.05,38.76,33.81,sosdian
G,1115.26,222.34,34.1,33.39,chalk
G,1115.26,239.51,33.74,33.74,dyez
G,1115.26,227.64,26.65,24.04,sosdian
G,1117.86,208.91,32.16,31.61,chalk
G,1117.86,225.64,31.39,31.39,dyez
G,1117.86,215.33,24.03,21.61,sosdian
G,1120.36,243.36,35.9,35.12,chalk
G,1120.36,263.28,32.94,32.94,dyez
G,1120.36,248.31,27.33,24.69,sosdian
G,1123.09,196.93,31.13,30.62,chalk
G,1123.09,215.15,31.58,31.58,dyez
G,1123.09,205.25,22.59,21.25,sosdian
G,1126.06,242.75,36.77,35.21,chalk
G,1126.06,264.53,36.26,36.26,dyez
G,1126.06,246.43,29.02,26.76,sosdian
G,1127.81,241.56,36.53,35.2,chalk
G,1127.81,263.24,36.6,36.6,dyez
G,1127.81,244.73,29.62,27.08,sosdian
G,1130.97,246.52,36.05,34.84,chalk
G,1130.97,268.16,33.05,33.05,dyez
G,1130.97,249.59,28.55,25.97,sosdian
G,1136.57,292.22,40.86,38.69,chalk
G,1136.57,316.23,36.75,36.75,dyez
G,1136.57,291.67,34.3,29.86,sosdian
G,1140.03,308.47,45.21,42.31,chalk
G,1140.03,333.07,43.94,43.94,dyez
G,1140.03,305.43,37.85,33.23,sosdian
G,1191.31,211.02,32.71,31.44,chalk
G,1191.31,230.23,30.35,30.35,dyez
G,1191.31,215.8,24.29,22.66,sosdian
G,1192.4,213.02,24.2,24.2,dyez
G,1192.45,208.96,16.21,16.21,hoenisch
G,1195.15,203.27,32.63,31.06,chalk
G,1195.15,223.04,31.21,31.21,dyez
G,1195.15,208.27,25.13,22.81,sosdian
G,1203.26,189.3,30.68,29.64,chalk
G,1203.26,207.02,30.24,30.24,dyez
G,1203.26,195.5,22.3,20.35,sosdian
G,1206.76,212.98,32.3,31.77,chalk
G,1206.76,232.21,30.87,30.87,dyez
G,1206.76,219.15,25.18,22.27,sosdian
G,1209.99,235.15,36.45,34.15,chalk
G,1209.99,255.44,33.36,33.36,dyez
G,1209.99,238.88,29.19,26,sosdian
G,1212.5,226.41,26.4,26.4,dyez
G,1212.55,221.3,17.3,17.3,hoenisch
G,1214.48,288.05,40.13,39.12,chalk
G,1214.48,309.8,38.45,38.45,dyez
G,1214.48,287.94,36.15,31.25,sosdian
G,1253,204.31,23.35,23.35,dyez
G,1253,200.59,15.39,15.39,hoenisch
G,1261.66,237.73,18.85,18.85,hoenisch
G,1261.7,241.02,28.43,28.43,dyez
G,1380.31,219.77,24.1,24.1,dyez
G,1408,326.84,64.84,64.84,dyez
G,1412.7,218.4,17.01,17.01,hoenisch
G,1414,260.47,30.76,30.76,dyez
G,1420,200.75,27.33,27.33,dyez
G,1455.52,237.1,29.91,29.91,dyez
G,1459.38,260.68,31.91,31.91,dyez
G,1464.52,248.87,28.89,28.89,dyez
G,1493,214.55,24.14,24.14,dyez
G,1496.43,200.98,23.52,23.52,dyez
G,1499,223.78,22.98,22.98,dyez
G,1499,225.28,25.79,25.79,dyez
G,1499.16,266.35,21.36,21.36,hoenisch
G,1500,292.11,43.25,43.25,dyez
G,1500,288,25,25,Seki
G,1500,254,25,25,Seki
G,1502.33,182.93,21.3,21.3,dyez
G,1505.67,249.08,28.67,28.67,dyez
G,1509,276.63,33.86,33.86,dyez
G,1530,189.11,30.57,25.78,sosdian
G,1535.67,295.54,36.86,36.86,dyez
G,1539,225.68,26.08,26.08,dyez
G,1541.3,227.89,27.05,27.05,dyez
G,1542.3,279.09,33.88,33.88,dyez
G,1574.1,276.96,34.03,34.03,dyez
G,1577.4,215.33,24.95,24.95,dyez
G,1578.88,214.81,16.76,16.76,hoenisch
G,1616,301.08,35.47,35.47,dyez
G,1648.7,198.31,22.99,22.99,dyez
G,1653.01,214.31,16.7,16.7,hoenisch
G,1659.5,192.55,22.71,22.71,dyez
G,1666.79,218.06,17.03,17.03,hoenisch
G,1698.5,290.91,36.13,36.13,dyez
G,1753.1,286.95,35.9,35.9,dyez
G,1820.4,249.66,17.62,16.2,stap
G,1863.78,208.29,16.09,16.09,hoenisch
G,1948.17,190.9,14.63,14.63,hoenisch
G,1955.83,183.73,13.98,13.98,hoenisch
G,2048.19,238.23,18.87,18.87,hoenisch
G,2078.09,228.7,49.27,56.56,Bartoli
G,2078.09,215.4,36.71,36.71,dyez
G,2109,308.46,51.3,51.3,dyez
G,2109,285,25,25,Seki
G,2109,369,25,25,Seki
G,2161.01,204.2,46,52.36,Bartoli
G,2161.01,201.49,34.41,34.41,dyez
G,2166.04,365.6,69.06,81.48,Bartoli
G,2166.04,309.39,53.2,53.2,dyez
G,2201.94,368.8,69.54,82.08,Bartoli
G,2201.94,318.13,54.27,54.27,dyez
G,2350.85,308.16,62.69,45.22,delaVega
G,2352.72,315.04,49.91,49.91,dyez
G,2352.72,305.94,69.28,60.3,mart’nez-bot’
G,2352.72,280.79,38.24,32.74,sosdian
G,2358.08,300.91,56.58,41.36,delaVega
G,2362.22,449.9,109.25,93.14,mart’nez-bot’
G,2362.22,395.87,63.84,54.59,sosdian
G,2372.2,421.38,74.41,74.41,dyez
G,2372.2,414.51,96.21,80.34,mart’nez-bot’
G,2372.2,368.33,52.55,46.35,sosdian
G,2389.32,384.56,60.93,60.93,dyez
G,2389.32,377.05,83.78,72.31,mart’nez-bot’
G,2389.32,338.01,46.51,39.36,sosdian
G,2396.71,372.63,59.24,59.26,delaVega
G,2451.23,328.63,49.66,49.66,dyez
G,2451.23,320.23,71.83,61.9,mart’nez-bot’
G,2451.23,293.88,37.73,33.83,sosdian
G,2517.16,247.63,46.23,35.52,delaVega
G,2521.93,256.19,39.48,39.48,dyez
G,2521.93,245.97,56.27,47.87,mart’nez-bot’
G,2521.93,231.24,28.61,25.82,sosdian
G,2558.58,292.7,58.27,67.97,Bartoli
G,2558.58,242.73,47.33,47.33,dyez
G,2561.9,307.5,47.06,47.06,dyez
G,2561.9,299.51,66.83,58.81,mart’nez-bot’
G,2561.9,279.24,36.33,31.6,sosdian
G,2572.4,303.13,49.34,46.24,delaVega
IG,1.66,261.26,19.99,18.54,sosdian
IG,3.1,259.37,29,29,Henehan
IG,3.6,263.26,30.29,30.29,dyez
IG,3.6,268.38,31.12,31.12,dyez
IG,3.63,283.39,22.96,22.96,hoenisch
IG,3.83,281.5,22.96,22.96,hoenisch
IG,3.9,282.68,40.93,40.93,dyez
IG,3.9,303.07,20,20,Foster
IG,3.91,276.03,46.37,41.82,chalk
IG,3.91,264.56,48.56,48.56,dyez
IG,3.91,273.9,23.53,22.36,sosdian
IG,3.92,282.07,29,29,Henehan
IG,4,274,25,25,Seki
IG,4,294,25,25,Seki
IG,4.6,264,20,20,Foster
IG,4.63,263.95,40.93,36.97,chalk
IG,4.63,253.28,36.91,36.91,dyez
IG,4.63,265.16,29,29,Henehan
IG,4.63,263.06,21.03,19.25,sosdian
IG,5,272,20,20,Foster
IG,5.02,284.34,47.45,42.05,chalk
IG,5.02,273.31,45.95,45.95,dyez
IG,5.02,281.14,23.64,22.57,sosdian
IG,5.03,283.46,29,29,Henehan
IG,5.98,263.8,29,29,Henehan
IG,7.8,264,20,20,Foster
IG,7.8,270,20,20,Foster
IG,7.82,258.24,45.11,38.86,chalk
IG,7.82,269.7,50.5,43.82,chalk
IG,7.82,249.12,46.38,46.38,dyez
IG,7.82,259.89,55.69,55.69,dyez
IG,7.82,263.84,29,29,Henehan
IG,7.82,276.08,29,29,Henehan
IG,7.82,258.56,22.67,21.23,sosdian
IG,7.82,268.58,24.88,22.23,sosdian
IG,8.52,240.18,29,29,Henehan
IG,9.49,267.94,46,41.06,chalk
IG,9.49,259.1,47.65,47.65,dyez
IG,9.49,279.05,29,29,Henehan
IG,9.49,266.08,23.1,21.82,sosdian
IG,9.5,272,20,20,Foster
IG,10.3,259,20,20,Foster
IG,10.32,240.03,47.98,42.09,chalk
IG,10.32,233.01,54.31,54.31,dyez
IG,10.32,253.72,29,29,Henehan
IG,10.32,240.79,22.81,21.49,sosdian
IG,10.54,262.31,29,29,Henehan
IG,11.01,255.2,20.17,20.17,hoenisch
IG,11.65,258.42,46.63,41.23,chalk
IG,11.65,251.75,50.21,50.21,dyez
IG,11.65,272.18,29,29,Henehan
IG,11.65,256.26,22.78,21.64,sosdian
IG,11.7,268,20,20,Foster
IG,12.55,206.34,29,29,Henehan
IG,14,258,20,20,Foster
IG,30.88,253.37,29,29,Henehan
IG,35.82,213.12,38.19,35.12,chalk
IG,35.82,212.35,41.5,41.5,dyez
IG,35.82,214.42,18.77,17.43,sosdian
IG,36.9,240,20,20,Foster
IG,40.8,213.72,23.64,23.64,dyez
IG,40.84,218.4,16.9,16.9,hoenisch
IG,46.61,208.34,37.13,33.89,chalk
IG,46.61,207.1,38.17,38.17,dyez
IG,46.61,210.31,17.71,16.86,sosdian
IG,47.1,235,20,20,Foster
IG,49.41,222.5,16.9,16.9,hoenisch
IG,52.14,198.12,37.86,34.21,chalk
IG,52.14,197.48,42.54,42.54,dyez
IG,52.14,200.68,18.37,16.96,sosdian
IG,52.3,229,20,20,Foster
IG,76.3,247,20,20,Foster
IG,77.3,237.11,44.62,38.44,chalk
IG,77.3,233.58,47.32,47.32,dyez
IG,77.3,236.93,21.44,19.73,sosdian
IG,83,245,20,20,Foster
IG,84.33,238.3,49.46,43.33,chalk
IG,84.33,234.98,58.27,58.27,dyez
IG,84.33,238.18,23.09,21.54,sosdian
IG,85,341,86,57,Pearson
IG,88.1,269,20,20,Foster
IG,89.11,264.46,48.37,41.77,chalk
IG,89.11,260.56,51.77,51.77,dyez
IG,89.11,263.21,23.69,21.81,sosdian
IG,99.6,271,20,20,Foster
IG,100.36,274.78,52.95,47.1,chalk
IG,100.36,270.53,62.07,62.07,dyez
IG,100.36,272.11,26.49,24.54,sosdian
IG,104.5,253,20,20,Foster
IG,106.12,251.54,48,42.03,chalk
IG,106.12,249.31,53.62,53.62,dyez
IG,106.12,250.38,23.26,22.14,sosdian
IG,109.16,277.1,21.59,21.59,hoenisch
IG,111.32,283.11,42.67,38.66,chalk
IG,111.32,294.64,39.17,39.17,dyez
IG,111.32,276.43,26.06,24.78,sosdian
IG,113.57,267.29,21.59,21.59,hoenisch
IG,113.6,260.12,29.48,29.48,dyez
IG,114.2,279,20,20,Foster
IG,116.1,288,20,20,Foster
IG,116.82,312,69.49,57.84,chalk
IG,116.82,303.04,86.11,86.11,dyez
IG,116.82,305.46,33.86,31.22,sosdian
IG,118.81,329.45,73.74,60.46,chalk
IG,118.81,319.5,91.39,91.39,dyez
IG,118.81,320.92,36.9,32.22,sosdian
IG,119.06,303.96,46.91,41.95,chalk
IG,119.06,311.64,46.59,46.59,dyez
IG,119.06,297.43,31.52,28.12,sosdian
IG,119.1,293,20,20,Foster
IG,121.79,340.56,59.04,53.22,chalk
IG,121.79,330.07,66.55,66.55,dyez
IG,121.79,331.35,30.16,28.43,sosdian
IG,122.3,271,20,20,Foster
IG,123.2,303.17,35.89,35.89,dyez
IG,123.23,317.84,26.73,26.73,hoenisch
IG,123.77,283.84,41.65,38.83,chalk
IG,123.77,260.6,51.94,51.94,dyez
IG,123.77,267.19,23.67,21.98,sosdian
IG,124.37,266.8,48.21,42.85,chalk
IG,124.37,291.79,36.34,36.34,dyez
IG,124.37,281.18,24.67,23.06,sosdian
IG,127.48,273.43,40.56,37.45,chalk
IG,127.48,283.64,38.89,38.89,dyez
IG,127.48,271.51,26.21,23.28,sosdian
IG,128.06,279.3,22.82,22.82,hoenisch
IG,128.1,270.47,30.69,30.69,dyez
IG,128.4,330.1,26.73,26.73,hoenisch
IG,191.68,223.95,35.58,33.51,chalk
IG,191.68,235.53,34.1,34.1,dyez
IG,191.68,223.81,20.95,19.83,sosdian
IG,198.07,249.58,37.63,35.6,chalk
IG,198.07,260.62,33.64,33.64,dyez
IG,198.07,246.23,22.47,21.83,sosdian
IG,211.57,280.05,42.08,39.99,chalk
IG,211.57,291.69,39.75,39.75,dyez
IG,211.57,274.42,27.41,24.92,sosdian
IG,220.44,261.44,39.6,35.7,chalk
IG,220.44,276.98,35.61,35.61,dyez
IG,220.44,261.03,24.35,22.29,sosdian
IG,223.66,259.58,41.29,37.83,chalk
IG,223.66,276.89,41.8,41.8,dyez
IG,223.66,259.32,27.23,24.37,sosdian
IG,227.1,232.91,36.98,34.28,chalk
IG,227.1,248.75,36.21,36.21,dyez
IG,227.1,232.53,22.18,21.19,sosdian
IG,235.76,263.58,40.94,39.08,chalk
IG,235.76,275.28,39.02,39.02,dyez
IG,235.76,259.56,26.1,23.77,sosdian
IG,239.48,243.18,37.88,35.23,chalk
IG,239.48,254.64,35.11,35.11,dyez
IG,239.48,242.21,23.06,21.25,sosdian
IG,242.9,278.57,42.8,38.62,chalk
IG,242.9,292.99,41.88,41.88,dyez
IG,242.9,274.68,27.82,25.8,sosdian
IG,317.44,314.1,24.58,24.58,hoenisch
IG,329.1,296.87,36.16,36.16,dyez
IG,329.11,294.82,24.58,24.58,hoenisch
IG,383.73,259.5,19.38,19.38,hoenisch
IG,386.37,242.34,19.38,19.38,hoenisch
IG,386.4,251.42,28.37,28.37,dyez
IG,409.09,297.46,24.9,24.9,hoenisch
IG,409.1,296.98,35.37,35.37,dyez
IG,414.08,317.7,24.9,24.9,hoenisch
IG,418.8,274.77,31.73,31.73,dyez
IG,418.81,271.12,22.2,22.2,hoenisch
IG,421.57,292.7,22.2,22.2,hoenisch
IG,596.3,162.82,10.56,9.84,stap
IG,616.27,244.95,19.65,19.65,hoenisch
IG,616.3,249.8,28.01,28.01,dyez
IG,620.4,169.25,11.05,10.28,stap
IG,702.17,250.36,20.16,20.16,hoenisch
IG,702.2,252.97,28.36,28.36,dyez
IG,703.5,263.35,29.9,29.9,dyez
IG,703.51,260.18,21.1,21.1,hoenisch
IG,819.4,152.2,9.78,9.13,stap
IG,858.8,168.45,10.98,10.22,stap
IG,944.5,183.29,12.11,11.25,stap
IG,949.99,281.85,23.22,23.22,hoenisch
IG,950,281.67,33.36,33.36,dyez
IG,952.8,304.68,37.03,37.03,dyez
IG,952.84,308.6,25.93,25.93,hoenisch
IG,980,311,17,15,Pearson
IG,1072.8,293.26,35.54,35.54,dyez
IG,1072.82,295.27,24.53,24.53,hoenisch
IG,1078.9,258.1,29.73,29.73,dyez
IG,1078.92,257.3,20.73,20.73,hoenisch
IG,1106.2,242.21,35.67,33.99,chalk
IG,1106.2,257.95,31.86,31.86,dyez
IG,1106.2,246.55,27.48,24.84,sosdian
IG,1107.82,260.5,38.68,37.36,chalk
IG,1107.82,276.83,36.29,36.29,dyez
IG,1107.82,262.51,31.08,27.72,sosdian
IG,1110.3,281.66,39.56,38.87,chalk
IG,1110.3,299.34,37.49,37.49,dyez
IG,1110.3,284.02,33.26,30.19,sosdian
IG,1112.8,241.64,36.06,35.2,chalk
IG,1112.8,258.5,35.04,35.04,dyez
IG,1112.8,246.21,28.14,26.09,sosdian
IG,1143.23,280.07,43.37,40.64,chalk
IG,1143.23,302.22,43.99,43.99,dyez
IG,1143.23,278.14,35.69,31.87,sosdian
IG,1145.33,298.21,43.99,41.29,chalk
IG,1145.33,321.85,45.68,45.68,dyez
IG,1145.33,295.74,38.82,33.68,sosdian
IG,1148.9,314.93,52.29,49.41,chalk
IG,1148.9,339.23,64.49,64.49,dyez
IG,1148.9,310.44,47.37,39.87,sosdian
IG,1150.94,262.13,39.03,38.4,chalk
IG,1150.94,283.35,40.52,40.52,dyez
IG,1150.94,260.5,34.06,29.86,sosdian
IG,1154.09,246.39,37.65,36,chalk
IG,1154.09,266.89,36.99,36.99,dyez
IG,1154.09,248.05,31.16,27.95,sosdian
IG,1157.77,301.93,44.67,42.15,chalk
IG,1157.77,325.11,44.75,44.75,dyez
IG,1157.77,299.72,38.19,34.12,sosdian
IG,1160.73,311.41,45.69,42.35,chalk
IG,1160.73,335.36,47.17,47.17,dyez
IG,1160.73,307.68,39.38,35.49,sosdian
IG,1162.85,273.67,39.54,37.4,chalk
IG,1162.85,295.05,37.87,37.87,dyez
IG,1162.85,275.14,33.12,29.23,sosdian
IG,1168.28,264.52,21.43,21.43,hoenisch
IG,1168.3,265.48,30.97,30.97,dyez
IG,1169.86,283.11,40.49,37.34,chalk
IG,1169.86,305.23,36.12,36.12,dyez
IG,1169.86,283.63,33.15,30.07,sosdian
IG,1177.57,271.52,38.77,37.3,chalk
IG,1177.57,293.61,36.2,36.2,dyez
IG,1177.57,273.2,33.87,30.39,sosdian
IG,1179.66,261.62,38.36,37.55,chalk
IG,1179.66,282.18,36.75,36.75,dyez
IG,1179.66,263.28,32.4,29.43,sosdian
IG,1181.75,228.5,33.49,33.24,chalk
IG,1181.75,247.29,31.4,31.4,dyez
IG,1181.75,233.36,27.09,24.5,sosdian
IG,1184.06,222.42,33.76,33.2,chalk
IG,1184.06,240.35,32.29,32.29,dyez
IG,1184.06,226.28,27.11,23.81,sosdian
IG,1185.97,254.36,38.36,35.5,chalk
IG,1185.97,274.23,35.85,35.85,dyez
IG,1185.97,257.13,30.73,28.03,sosdian
IG,1188.07,263.57,38.39,36.16,chalk
IG,1188.07,284.75,36.1,36.1,dyez
IG,1188.07,265.36,31.66,28.28,sosdian
IG,1216.42,271.7,40.3,37.67,chalk
IG,1216.42,291.69,39.82,39.82,dyez
IG,1216.42,272.15,34.24,30.64,sosdian
IG,1218.54,301.08,44.67,41.82,chalk
IG,1218.54,322.27,45.13,45.13,dyez
IG,1218.54,298.36,38.23,34.07,sosdian
IG,1224.18,252.53,37.93,37.54,chalk
IG,1224.18,268.8,38.45,38.45,dyez
IG,1224.18,255.14,33.4,29.55,sosdian
IG,1227.17,270.71,40.28,38.1,chalk
IG,1227.17,287.51,38.72,38.72,dyez
IG,1227.17,271.52,35.04,30.6,sosdian
IG,1230.72,314.04,46.46,44.36,chalk
IG,1230.72,332.78,49.78,49.78,dyez
IG,1230.72,312.45,43.09,37.1,sosdian
IG,1233.29,243.6,19.45,19.45,hoenisch
IG,1233.3,247.23,28.53,28.53,dyez
IG,1233.9,295.24,41.89,40.71,chalk
IG,1233.9,312.73,41.66,41.66,dyez
IG,1233.9,295.82,37.79,33.14,sosdian
IG,1236.18,259.78,37.74,35.34,chalk
IG,1236.18,275.39,34.27,34.27,dyez
IG,1236.18,262.84,31.53,27.71,sosdian
IG,1238.67,270.38,22.03,22.03,hoenisch
IG,1238.7,270.7,31.31,31.31,dyez
IG,1239.83,265.65,39.19,37.57,chalk
IG,1239.83,281.84,37.74,37.74,dyez
IG,1239.83,269.3,33.06,29.43,sosdian
IG,1243.25,288.51,39.95,38.42,chalk
IG,1243.25,308.05,36.13,36.13,dyez
IG,1243.25,292.57,34.63,30.69,sosdian
IG,1351.57,285.22,34.34,34.34,dyez
IG,1353.31,283.8,23.35,23.35,hoenisch
IG,1384,213.86,23.95,23.95,dyez
IG,1392.67,282.22,39.85,39.85,dyez
IG,1397.33,271.21,31.4,31.4,dyez
IG,1402,320.21,44.43,44.43,dyez
IG,1425.17,234.25,28.07,28.07,dyez
IG,1426.26,215.01,25.54,22.22,sosdian
IG,1430.33,225.77,30.66,30.66,dyez
IG,1435.5,241.87,41.25,41.25,dyez
IG,1440.67,284.89,35.72,35.72,dyez
IG,1445.83,286.65,41.2,41.2,dyez
IG,1451.03,256.45,49.55,49.55,dyez
IG,1473.51,278.52,32.22,32.22,dyez
IG,1478.01,271.89,31.77,31.77,dyez
IG,1482.5,226.54,24.89,24.89,dyez
IG,1487,257.44,30.11,30.11,dyez
IG,1490,292.23,34.41,34.41,dyez
IG,1490,295,47,40,Pearson
IG,1512.33,223.24,26.66,26.66,dyez
IG,1515.67,298.89,37.87,37.87,dyez
IG,1519,277.93,34.93,34.93,dyez
IG,1522.33,283.64,39.34,39.34,dyez
IG,1525.67,305.94,36.16,36.16,dyez
IG,1529,255.82,27.36,27.36,dyez
IG,1673.69,271.38,22.07,22.07,hoenisch
IG,1779.6,224.59,26,26,dyez
IG,1854.15,267.48,21.73,21.73,hoenisch
IG,1880,177.29,27.48,23.97,sosdian
IG,1931.75,296.7,24.62,24.62,hoenisch
IG,1975.13,201.6,45.66,51.92,Bartoli
IG,1975.13,202.27,33,33,dyez
IG,1979.3,286.35,23.47,23.47,hoenisch
IG,2019.29,347.53,64.31,46.2,delaVega
IG,2019.29,364.61,50.12,44.01,sosdian
IG,2019.73,279.98,22.76,22.76,hoenisch
IG,2026.54,244.7,51.46,59.36,Bartoli
IG,2026.54,234.26,38.29,38.29,dyez
IG,2210,243.86,38.49,32.23,sosdian
IG,2304.67,220.6,48.18,55.16,Bartoli
IG,2304.67,210.41,36.04,36.04,dyez
IG,2337.82,323.07,50.26,50.26,dyez
IG,2337.82,317.42,69.57,62.55,mart’nez-bot’
IG,2337.82,287.9,39.39,33.98,sosdian
IG,2340.14,310.84,57.34,43.46,delaVega
IG,2346.71,322.89,65.25,65.25,dyez
IG,2346.71,317.56,77.29,65.95,mart’nez-bot’
IG,2346.71,286.77,44.41,38.01,sosdian
IG,2347.23,369.1,85.2,73.04,mart’nez-bot’
IG,2378.92,397.52,72,57.4,delaVega
IG,2381.29,377.94,66.87,66.87,dyez
IG,2381.29,371.26,84.44,73.31,mart’nez-bot’
IG,2381.29,333.35,48.12,39.75,sosdian
IG,2388.39,365.24,60.9,56.15,delaVega
IG,2410.92,284.49,43.31,43.31,dyez
IG,2410.92,277.5,61.69,54.14,mart’nez-bot’
IG,2410.92,257.88,32.22,29.52,sosdian
IG,2410.93,278.03,48.7,40.04,delaVega
IG,2417.17,441.68,115.13,94.29,mart’nez-bot’
IG,2424.89,342.68,54.58,54.58,dyez
IG,2424.89,332.1,72.86,65.5,mart’nez-bot’
IG,2424.89,303.33,39.22,35.22,sosdian
IG,2426.63,328.64,56.17,47.98,delaVega
IG,2454.51,317.71,54.3,46.75,delaVega
IG,2473.82,337.65,57.02,48.56,delaVega
IG,2474.49,350.9,56.13,56.13,dyez
IG,2474.49,340.33,75.21,66.63,mart’nez-bot’
IG,2474.49,312,40.3,35.52,sosdian
IG,2497.34,351.97,60.93,50.72,delaVega
IG,2498.3,349.77,69,44.74,delaVega
IG,2498.36,422.79,97.96,84.97,mart’nez-bot’
IG,2500.4,366.56,62.15,62.15,dyez
IG,2500.4,356.63,80.17,68.93,mart’nez-bot’
IG,2500.4,325.81,44.22,38.82,sosdian
IG,2501.4,371.83,59.56,59.56,dyez
IG,2501.4,362.03,81.02,69.29,mart’nez-bot’
IG,2501.4,329.85,43.64,38.07,sosdian
IG,2502.94,350.4,66.78,78.63,Bartoli
IG,2502.94,289.4,50.43,50.43,dyez
IG,2540.44,333.81,55.9,50.82,delaVega
IG,2545.15,343.36,55.24,55.24,dyez
IG,2545.15,335.45,73.61,64.8,mart’nez-bot’
IG,2545.15,307.41,39.62,35.59,sosdian
IG,2550,230.77,30.81,28.79,sosdian
IG,2579.43,338.08,51.73,51.73,dyez
IG,2579.43,329.81,73.35,64.4,mart’nez-bot’
IG,2579.43,303.63,38.69,34.33,sosdian
IG,2586.5,326.17,57.93,46.25,delaVega
IG,2592,284.38,49.06,49.06,dyez
IG,2592,276,25,25,Seki
IG,2594.84,373.79,67.31,67.31,dyez
IG,2594.84,361.67,81.91,70.45,mart’nez-bot’
IG,2594.84,333,46.72,40.29,sosdian