"","section","age","d13c","d13o","d18c","temp","d13a","d13a.sd","d13s","d13s.sd","R","R.sd","Sz","Sz.sd","co2","co2.sd"
"1","Zhaojiachuan",878.36364,-5.49085250626536,-25.203,-8.29981307066703,17.3,-7.96142438,0.564092191046818,-15.2410749227316,0.351069372547347,1.05572198618205,0.122888071768005,281.029222026686,169.545605990496,294.893949890201,184.258068758124
"2","Zhaojiachuan",900,-6.05592597397128,-25.03,-9.14451718022667,17.3,-6.99,0.0946924847422786,-15.8008223414367,0.351463705361544,0.788450989615564,0.0918413136438703,327.760789019886,218.0822714926,257.492828891183,177.431687510714
"3","Zhaojiachuan",922.52727,-6.14677037431534,-25.031,-9.36438975732244,17.3,-7.41671531333334,0.288501877521331,-15.8951003773554,0.353946980084267,0.808067956289344,0.097682132383203,344.650812280587,229.252769693019,276.378630175106,190.737795481002
"4","Zhaojiachuan",929.09091,-5.97561218387727,-25.434,-8.63465651123045,17.3,-7.02727267333334,0.288501877521331,-15.7180085871825,0.352256255126951,0.854914267375914,0.0963845491003183,300.902167822998,187.69331460598,255.165157982807,165.458565446657
"5","Zhaojiachuan",961.75,-5.91165258428941,-24.334,-9.60181456757118,17.3,-7.11841666666666,0.476864760702654,-15.6569388788473,0.352490100364483,0.747710175823717,0.093097220882455,361.380177520535,247.853223624316,269.068103482089,190.300857059072
"6","Zhaojiachuan",964.5,-5.72113550820359,-24.293,-9.60377013929008,17.3,-6.9745,0.476864760702654,-15.4641161439515,0.353232218967747,0.771394983413221,0.0961414379329552,364.601450087467,246.051877706786,280.635554206567,195.724694380883
"7","Zhaojiachuan",967.25,-5.88477535322397,-24.623,-8.52565397304545,17.3,-6.83058333333333,0.476864760702654,-15.6383535231188,0.354693305641576,0.761323885938552,0.092053597009578,290.911851591401,182.897314336843,220.337369120276,143.576412744498
"8","Zhaojiachuan",985.55556,-5.63648271668592,-23.986,-9.06029696137477,17.3,-6.6900001,0.284648906549806,-15.3820806455281,0.353697432689881,0.726602207036115,0.0909990724708395,324.256371489066,210.25269622647,234.346624741001,158.168597282722
"9","Zhaojiachuan",989.11111,-5.97642699758376,-24.79,-8.72275046889877,17.3,-6.769999975,0.284648906549806,-15.7233377585268,0.350214451872928,0.756813406097322,0.0905888354010171,305.283866426606,195.563361499319,229.345307964189,152.972732475747
"10","Zhaojiachuan",1003.33333,-5.67644055719074,-24.347,-9.62054846931051,17.3,-6.50222207666667,0.361789533661032,-15.4270771510826,0.353538452878722,0.743556215376261,0.0902515384449152,369.322334939108,250.316058439965,273.248272840867,191.918155404221
"11","Zhaojiachuan",1041.33333,-5.91757889174403,-25.114,-9.08076405425504,17.3,-6.73844416499998,0.462204860785056,-15.6698288848258,0.348811092011924,0.803017531588585,0.0908221922928342,325.501491898266,213.608469259864,261.252087175013,176.444312109412
"12","Zhaojiachuan",1046.5,-6.01858675398921,-24.104,-9.89566621768006,17.3,-7.17158333333333,0.462204860785056,-15.7685118565005,0.351930679801145,0.704990858641132,0.0925378679332901,385.527309148591,260.992832888108,270.597940707626,188.797431309056
"13","Zhaojiachuan",1062,-6.09453755100719,-24.826,-9.52472959563272,17.3,-6.19933333333333,0.0670198975429437,-15.8361258955635,0.349766062493828,0.695467990680836,0.0819573213864122,355.217024454995,238.714127637203,245.970451378126,171.439640629694
"14","Zhaojiachuan",1092.5,-5.58689627571209,-24.886,-9.4,17.3,-6.505,0.249582985531199,-15.3403319298369,0.351572894722386,0.824132600802416,0.0933013809128835,351.280216594305,236.553741490963,289.447349598315,199.045982453432
"15","Zhaojiachuan",1098.25,-6.24904897971555,-24.555,-8.8022221751728,17.3,-6.48583333333333,0.249582985531199,-15.9932168809071,0.354228415782983,0.659598324852187,0.0808899708549971,307.458411920996,196.080182151058,202.39173408286,133.905641944197
"16","Zhaojiachuan",1136.5,-5.86477863081825,-24.765,-8.75257318467038,17.3,-7.09824999999999,0.234716140618123,-15.6033844656613,0.352641662638397,0.809171852357777,0.0970926424603707,304.621684402611,192.641466280982,245.024455817483,160.40628697692
"17","Zhaojiachuan",1196.25,-6.31734065661351,-25.147,-9.64277020607596,17.3,-6.8765625,0.22618208004467,-16.0614064770776,0.348685702708385,0.740997696053973,0.0863506751437048,367.313643053182,248.34431139347,270.290998231285,189.843380917709
"18","Zhaojiachuan",1248,-5.57995532226403,-25.431,-8.78488856850629,17.3,-7.544,0.707737003883976,-15.3370529301179,0.351612094937139,1.00400880834375,0.112946912997313,305.771107304069,195.823754651616,306.974458586657,202.595427157371
"19","Zhaojiachuan",1260,-5.78622539941364,-25.569,-9.14786128375863,17.3,-6.88666666666667,0.411693656335225,-15.533446436864,0.356232317067151,0.89494982580828,0.098394657133316,332.695202638356,216.964378934779,297.455932386851,198.613838383761
"20","Zhaojiachuan",1289.27273,-5.57992909559073,-25.04,-9.48715705786446,17.3,-7.005727495,0.367820155329567,-15.3343020823008,0.352159975876914,0.89127817079498,0.100759772914828,356.518774756104,238.891098672196,316.275279830277,219.18625976079
"21","Zhaojiachuan",1338,-6.0312083062687,-25.827,-9.21108533775066,17.3,-6.794,0.458184824424962,-15.7804562040322,0.35028067213121,0.864399791501902,0.0927966932955601,335.475755505867,220.555315888863,288.581178148713,195.714499961145
"22","Zhaojiachuan",1362,-6.00987753117022,-24.044,-9.55796603858187,17.3,-6.27883333333333,0.13076696830622,-15.7611269052501,0.354118009859226,0.631009353660382,0.0809975141708974,360.244548074095,245.626707258792,226.359979070077,160.811916984681
"23","Zhaojiachuan",1372.5,-6.05970488862692,-24.857,-9.98415279781614,17.3,-6.523125,0.41464844547319,-15.7989013490562,0.352761161348027,0.729657376845827,0.0876020829073114,395.990141556582,278.809742867051,287.360765243225,209.56173523745
"24","Zhaojiachuan",1383,-6.11982978001868,-25.567,-9.46520699314351,17.3,-6.213,0.141745076340121,-15.8635225556034,0.354482246626954,0.769382527665607,0.0839487187531005,354.394359751087,237.316795963893,270.614771954158,187.0128096293
"25","Zhaojiachuan",1408.8,-5.79738787009637,-24.642,-9.74028080477296,17.3,-6.46580000000001,0.283196045170126,-15.5484985250623,0.351326501494936,0.749412950322557,0.0874905928605596,371.190813868521,252.218585232528,277.483155104382,194.457153777421
"26","Zhaojiachuan",1412.6,-5.81627979085556,-25.331,-9.36376263730938,17.3,-6.5995,0.240883789408918,-15.5632116530997,0.350704163526885,0.835305882521469,0.0922281231267523,352.825848227982,231.54570580379,293.496517488529,199.262288743644
"27","Zhaojiachuan",1420.2,-6.04720372628174,-24.855,-9.14229868745826,17.3,-6.82619999999999,0.431972221329104,-15.7912420823986,0.354262616751672,0.755146153444187,0.09059269953867,335.575302683391,218.054436721915,252.87130254684,170.818137832909
"28","Zhaojiachuan",1455.4,-5.91294974549623,-24.686,-9.7311416717752,17.3,-6.90280000000001,0.647578824030969,-15.6602392630876,0.350133102101548,0.770056712508356,0.0922920200725763,371.640826799881,258.703032806219,284.69076918957,203.942722470741
"29","Zhaojiachuan",1458.8,-5.99666458648926,-25.543,-9.15431071837236,17.3,-7.20993333333332,0.647578824030969,-15.7506028729363,0.350221463259778,0.879262396252862,0.099335322828721,331.791336967561,214.3005676101,292.461103908086,194.090782846389
"30","Zhaojiachuan",1462.2,-6.05693967194327,-25.007,-9.8277785143616,17.3,-7.0811,0.554158521243395,-15.8038110865875,0.352596869043267,0.794744569244811,0.0931125956683318,375.113421971267,258.744953271709,298.021458023315,210.384257683838
"31","Zhaojiachuan",1469,-5.823,-25.225,-9.606,17.3,-6.34783333333332,0.554158521243395,-15.5740231568269,0.350835699284777,0.799660406897455,0.0878891051322621,363.502153319133,249.829816183745,290.144286334948,204.771041471703
"32","Zhaojiachuan",1501,-6.03299903382549,-25.838,-9.09795274290911,17.3,-6.90883333333333,0.111654228162961,-15.7816235404077,0.35081739721448,0.876956053066881,0.0956951799305127,327.853240439551,216.929343380917,285.337001645612,195.63102313033
"33","Zhaojiachuan",1510,-6.30501902282526,-26.041,-9.51901575829925,17.3,-6.94333333333333,0.355750380651003,-16.0556540341371,0.346080696944957,0.847886089169958,0.089669617915426,356.827351878576,243.655356375836,301.74513552238,212.051452725633
"34","Zhaojiachuan",1537.5,-6.13551674659209,-25.457,-9.44650279640132,17.3,-7.14958333333334,0.529362824535309,-15.8792676151676,0.348831363270607,0.837519007882677,0.0939433494480634,354.024083845419,243.119164899126,295.680904989515,208.523924037465
"35","Zhaojiachuan",1540,-6.48650632595138,-25.575,-9.60032399826855,17.3,-7.335,0.467225855448947,-16.2290063367686,0.351368898801537,0.793932049207154,0.0913946931705478,362.841785349784,249.151650529773,287.213535796084,202.675564794592
"36","Zhaojiachuan",1542.5,-5.9864000048633,-25.288,-8.92836205992603,17.3,-7.135,0.467225855448947,-15.7361205220867,0.350990648903946,0.845511254379695,0.0965815247360285,317.92376429782,202.816952658414,267.208379932055,175.701944429254
"37","Zhaojiachuan",1614.15,-5.86382807600421,-25.538,-9.17863637056769,17.3,-6.03161666666667,0.0901849950564579,-15.6154668575256,0.351632841427214,0.797228518126896,0.0850819191453754,332.713068439829,216.549546613174,264.06898136737,176.075409368944
"38","Zhaojiachuan",1618.25,-5.68866868627924,-25.315,-9.21577162031087,17.3,-6.11225,0.0901849950564579,-15.4447950103962,0.347693354522272,0.813992674082207,0.0867954635799501,342.328965010926,222.608246113585,276.610849131468,185.545051446955
"39","Zhaojiachuan",1622.35,-5.44406264182601,-25.718,-8.69496488494326,17.3,-6.1609625,0.115866302262565,-15.2033932782855,0.350252939114511,0.912096371709612,0.0944097462037703,303.1269889191,192.321541454039,275.206022794892,180.300171127508
"40","Zhaojiachuan",1649.375,-5.47124581581852,-25.701,-8.3724696832337,17.3,-6.165625,0.129357386079548,-15.2319168897687,0.355284436726007,0.90465950755528,0.0935961305010302,283.719424284757,172.91934947217,255.726616741751,161.480568887258
"41","Zhaojiachuan",1656.25,-5.40829530762539,-25.617,-8.32383153030014,17.3,-6.33125,0.25781130050226,-15.1591893811507,0.35250884365018,0.92644429421707,0.0966066264916525,280.276054834993,169.772001971,258.055260098117,161.895879434962
"42","Zhaojiachuan",1663.125,-5.34797465807651,-25.706,-8.66961014846083,17.3,-6.371875,0.258585898042926,-15.0982809709917,0.350541989647148,0.953466416736817,0.0988925902350008,301.434372597762,190.060055081983,286.974126034526,185.176920318366
"43","Zhaojiachuan",1701.875,-5.88614689254553,-25.697,-8.76086173730482,17.3,-6.74708333333333,0.359536738966502,-15.6376882371575,0.357511197091719,0.874453590094347,0.0957889312374651,306.200610797246,196.33889564581,266.964746579965,176.693998668296
"44","Zhaojiachuan",1706.25,-5.78375703391771,-26.205,-8.81922973409883,17.3,-6.5925,0.359536738966502,-15.527395940825,0.350451150812459,0.939873524719498,0.0950891667109572,311.086058822809,197.859854034307,291.264113349226,191.043307201636
"45","Zhaojiachuan",1710.625,-5.2848920557351,-25.73,-8.80871771778823,17.3,-6.47083333333333,0.307354301526214,-15.038950323069,0.354185610817563,0.982765781935809,0.101286125433751,313.684161772195,200.35424084237,305.962828666465,201.408686745515
"46","Zhaojiachuan",1878,-5.39134802667866,-25.75,-8.64415384918527,17.3,-6.38116666666667,0.0921502396451938,-15.1419511427526,0.351632067791012,0.950252418168341,0.0986967136739345,300.87010007915,187.73583999097,284.619483115228,182.106080947879
"47","Zhaojiachuan",1900.2,-5.43563107478496,-25.74,-8.70976417979568,17.3,-6.77424999999999,0.177951304200522,-15.1905167506649,0.354245089669543,0.983717560684942,0.10362578338637,302.352996221924,190.458261636444,296.12608865449,192.978770646972
"48","Zhaojiachuan",1915,-5.72843017013974,-24.755,-8.78057523090502,17.3,-6.38125,0.189472953214964,-15.4793283717478,0.351216150429474,0.767968395951853,0.0888371799935159,309.332237181447,192.797371323305,236.01029479427,151.772836340158
"49","Zhaojiachuan",1997.71429,-5.64259915798743,-25.852,-9.18789911000226,17.3,-5.98428555000001,0.275801861245835,-15.3923151661111,0.35117090475324,0.869169297112515,0.0883575771263179,332.902271011536,218.081504698173,288.833450437902,193.17984672586
"50","Zhaojiachuan",2005.42857,-5.71880900835754,-25.766,-8.85813025842606,17.3,-5.993476165,0.183371208208923,-15.4734106916983,0.352835187920444,0.845274642921263,0.0873724882540277,311.15778109387,197.2898567199,262.807385251298,171.670791748743
"51","Zhaojiachuan",2013.14286,-5.80558781450486,-24.722,-8.89737181167595,17.3,-6.11638099,0.135400640077266,-15.5526628041649,0.348347815759946,0.729340679059475,0.0838821280574471,316.849627063348,200.972199067674,230.307856636553,150.649463975223
"52","Zhaojiachuan",2058,-5.64870762944815,-25.972,-9.24936671672242,17.3,-6.9,0.0713559154286922,-15.4010901122776,0.354006157025478,0.975738376424259,0.103351175956414,338.473435781035,223.13503909193,327.701976837799,223.393849471552
"53","Zhaojiachuan",2068,-6.03942785229526,-24.689,-9.63624354926094,17.3,-6.52466666666666,0.221114600754149,-15.7842418736462,0.353424286014968,0.713105806399544,0.0856386706349674,367.383667926066,251.158334078554,261.516468832384,184.710963346353
"54","Zhaojiachuan",2083,-5.79577746111909,-25.881,-9.35819406549376,17.3,-6.34,0.164418166068514,-15.5448020516646,0.350168154034855,0.875194209920742,0.0904096823601528,347.024040206745,227.274580248774,301.991975862231,203.782703067555
"55","Zhaojiachuan",2111.2,-4.848,-25.29,-8.134,17.3,-6.4604,0.230217288664427,-14.6059826687857,0.353018039262572,1.0312158951267,0.107978521343416,268.172405362622,165.994730931556,275.540152138304,175.809336872496
"56","Zhaojiachuan",2113.30909,-5.156,-25.378,-8.475,17.3,-6.44352728,0.230217288664427,-14.9117727652286,0.356763255676036,0.966613878338213,0.102858718358498,290.606906678524,179.725697400972,279.419627811279,179.423981781376
"57","Zhaojiachuan",2114.36364,-4.393,-22.138,-9.264,17.3,-6.43509088,0.230217288664427,-14.1564129669296,0.348592237888502,0.736727512230839,0.103814781216291,343.22782174575,231.192316570754,251.742934228911,177.051448368808
"58","Zhaojiachuan",2115.41818,-3.946,-22.674,-9.175,17.3,-6.42665456,0.230217288664427,-13.7117451337778,0.353103549694018,0.913577464479137,0.117328501376107,337.985044705483,219.166932053986,306.144001528149,208.694400138731
"59","Zhaojiachuan",2117.52727,-4.018,-23.368,-8.706,17.3,-6.40978184,0.230217288664427,-13.7891894284959,0.351166031122962,0.988571766032175,0.118788099063683,305.649469003943,191.881832616362,299.837908501777,196.19555117843
"60","Zhaojiachuan",2160.66667,-4.28567834023431,-24.696,-8.7169162375136,17.3,-6.32244448166666,0.137961347243833,-14.0472030343461,0.354744301695254,1.08334095098879,0.117148108367715,309.649593749657,192.418026242267,331.913980092581,213.090114831197
"61","Zhaojiachuan",2238.33333,-4.89318644165223,-24.884,-9.22897050325673,17.3,-6.27166659,0.151547572288924,-14.645672806239,0.347960026187699,0.949604633349122,0.101245646938653,337.356997391711,226.821052955998,318.894480578093,220.791210909205
"62","Zhaojiachuan",2240.66667,-5.32409800381276,-25.753,-9.18640959824267,17.3,-6.32766675499999,0.156498136304132,-15.0757039393947,0.348946577304509,0.959744089106186,0.0980530594299419,333.29925452105,218.569828491219,319.15636993703,215.14077602087
"63","Zhaojiachuan",2243,-5.58803522254016,-24.549,-9.13026365694907,17.3,-6.38949999999999,0.156498136304132,-15.3398787948861,0.352151935624315,0.774313887384927,0.0905476454538209,329.656318175694,215.545514304332,253.486636137246,171.886816505191
"64","Zhaojiachuan",2250,-5.65484175336053,-25.747,-9.6326158466685,17.3,-6.575,0.173685539601507,-15.4089044424829,0.353260695201135,0.912166582149072,0.0969341671251327,369.006057646426,243.375265285446,335.547265751707,226.993552279597
"65","Zhaojiachuan",2280.2,-4.84187937313322,-24.673,-9.15392159066926,17.3,-6.3846,0.099121138007995,-14.5982950030879,0.354409550383237,0.948551211960296,0.105423011278668,332.737781317942,219.813898398962,313.881722018407,215.135701316978
"66","Zhaojiachuan",2283.8,-4.95485250084596,-25.474,-9.14559133231717,17.3,-6.46740000000001,0.099121138007995,-14.7041050734235,0.352979569894723,1.03188539680027,0.107267563552666,328.417702530472,215.111241585686,337.303108291271,226.033896380298
"67","Zhaojiachuan",2350,-4.8587087033676,-24.51,-9.25588395290004,17.3,-6.02666666666667,0.173469497799085,-14.6189845309879,0.347473976937466,0.885793677380373,0.0974429180788319,340.050980395867,227.549307645235,299.955572254177,206.441315013448
"68","Zhaojiachuan",2361.5,-4.47646629190285,-24.641,-9.1450915168158,17.3,-6.1455,0.132790561913614,-14.2440013090775,0.353109106575725,1.00517525445576,0.108286677391543,333.13927304289,214.772312083281,332.247058967318,222.156499952735
"69","Zhaojiachuan",2373,-4.17687226062299,-25.437,-9.3163089877437,17.3,-6.183,0.122338328690017,-13.9443421484183,0.350765212267051,1.18597870375945,0.119529125340275,342.91575713198,226.511012658521,404.198792737343,275.401373037037
"70","Zhaojiachuan",2402.3,-4.14970151502087,-25.802,-9.13495192964979,17.3,-6.28009166666668,0.204613456709637,-13.9169832748833,0.354479395661429,1.25816410749188,0.124524133874378,331.176631385067,210.177759207819,415.813198650435,271.625171201518
"71","Zhaojiachuan",2486.45,-4.77477166779499,-25.848,-9.38736785078925,17.3,-6.41512499999999,0.200062490237426,-14.5320528543122,0.354322058542642,1.11201024034124,0.112415465412617,349.363466113986,228.152054814184,389.773795845392,259.758960059999
"72","Zhaojiachuan",2517.05,-4.87659046184103,-25.615,-9.02693675028149,17.3,-6.32544166666665,0.374020944155092,-14.6337085437445,0.348154788307432,1.04802210323501,0.106338040560562,329.625429470724,204.600599547797,345.094406470112,221.236640779921
"73","Zhaojiachuan",2526.23,-5.13430981433658,-25.533,-8.6599372703846,17.3,-6.166805,0.143874945699382,-14.8872946358415,0.34844119819936,0.958081817090902,0.0988348521610784,300.116789970854,186.265097911397,287.867832538738,183.908130426647
"74","Zhaojiachuan",2595,-4.594,-22.396,-8.77,17.3,-6.22833333333333,0.143643076176102,-14.3552215946132,0.351051418111229,0.706095932559172,0.0975399338353684,307.150725802813,193.221971364785,215.112786381126,143.111969619494
"75","Zhaojiachuan",2606,-4.172,-22.726,-8.956,17.3,-6.156,0.0929157324317759,-13.939741314361,0.354122555794696,0.833162119601685,0.106775464474433,317.687478804033,204.600291067908,264.471680117104,176.974757009988
"76","Zhaojiachuan",2617,-4.136,-23.08,-9.09,17.3,-6.4635,0.236977495415352,-13.9052826550969,0.357448954011864,0.927093688877468,0.115544815970802,327.176271461181,213.032439283921,300.260986431799,203.394550022475
"77","Fuxian",805.069767441918,-7.82161890084001,-23.472,-10.0001194170442,17.8,-7.25713953487828,0.476410187408568,-17.4982445403805,0.353240054155535,0.361219754729847,0.0676989221924447,392.085930894538,271.994211397447,138.390290009152,104.654067975854
"78","Fuxian",870.888888888911,-5.95664497120379,-23.269,-9.07989693476373,17.8,-7.67862962963046,0.564092191046818,-15.6416045020941,0.353831488853125,0.67000617403415,0.0989233618343785,322.509458399827,213.36662386818,213.484632105701,150.907313027295
"79","Fuxian",877.888888888909,-6.40883383160542,-23.144,-9.301560911337,17.8,-7.94346296296372,0.564092191046818,-16.0972060985113,0.350006902137953,0.583941430978698,0.0925903611579216,341.481939162503,222.011609221472,195.343294615026,137.36739090089
"80","Fuxian",895.777777777795,-6.46172977796925,-23.252,-9.69380130291893,17.8,-7.26444444444333,0.57373048260195,-16.1474432046994,0.355858454730092,0.54147118908744,0.0846432550961316,370.045887761448,250.247632761323,197.740364447126,143.521357113733
"81","Fuxian",917.115151515167,-6.98354114074698,-22.772,-11.1821192718054,17.8,-7.5431070707072,0.599722157892025,-16.6620452898597,0.352696753987804,0.419987089532832,0.0779616297336816,502.701825637219,385.922584747464,209.077294235204,170.866783002122
"82","Fuxian",923.103030303044,-6.73778943318121,-23.174,-10.4281715421997,17.8,-7.38255353535273,0.288501877521331,-16.4236252005938,0.355292397675294,0.492414600377359,0.0806880817288311,432.603272064572,312.07832654922,211.106472086397,162.17404642551
"83","Fuxian",923.793939393953,-7.06725071867083,-23.4,-9.54816489115012,17.8,-7.34155959595879,0.288501877521331,-16.7367233099806,0.355231242793216,0.465115119843805,0.0778121329030225,363.354514386734,246.955875634306,167.522881517638,120.905798055052
"84","Fuxian",929.551515151528,-6.61763797479739,-23.974,-8.78707258713905,17.8,-6.99994343434268,0.288501877521331,-16.2988331009911,0.349900979005752,0.579570224001916,0.0807473480331352,308.799543173141,193.65169283649,177.304102532443,117.014620066546
"85","Fuxian",983.454545454647,-5.6484321743286,-23.23,-9.41019242376888,17.8,-6.64272727272956,0.284648906549806,-15.3404586762264,0.349600082901291,0.644830187350198,0.0876416177354912,348.415806363535,230.781300046116,222.681927425011,155.204441221615
"86","Fuxian",986.363636363738,-6.45448203034823,-23.604,-9.60046434872913,17.8,-6.7081818181841,0.284648906549806,-16.1445330005601,0.3487294802032,0.54839349376451,0.0792493966564081,362.875004426902,245.470727972301,198.298115347492,140.000940720256
"87","Fuxian",1040.07317073174,-7.26594936588697,-23.499,-10.1638281120829,17.8,-6.63280081301086,0.462204860785056,-16.9461781975394,0.353621957923336,0.41320416037362,0.0695412819987655,408.182667166566,285.546837912595,166.967276015804,124.312299773976
"88","Fuxian",1043.09756097564,-7.63321002303564,-24.09,-11.170424056465,17.8,-6.88634552845781,0.462204860785056,-17.3061995321402,0.350858500183566,0.431924485117895,0.0691124769484189,502.103744566553,389.884385228148,216.120994958561,176.312131316805
"89","Fuxian",1121.7625,-6.38526256904549,-22.74,-9.90316466950821,17.8,-6.93810625,0.6735478206235,-16.0741400861351,0.351036424045708,0.477334691436737,0.0796119408582964,392.272431157148,265.54704052201,184.884207182687,133.942286031387
"90","Fuxian",1128.85,-6.82765071941992,-23.787,-9.57271904077834,17.8,-7.352725,0.6735478206235,-16.5119027379173,0.351828904140468,0.545754763254162,0.0818646476338123,365.433576150801,250.185297760442,197.568593645131,143.656130631564
"91","Fuxian",1133.9125,-6.4245691432319,-22.956,-9.82056691655293,17.8,-7.22633125,0.234716140618123,-16.1133273582984,0.351885320127341,0.511073081737496,0.0838550920123192,380.144488491847,261.662488758764,192.944874149598,140.99208112354
"92","Fuxian",1203.37209302323,-7.16367567093437,-23.043,-9.597924530559,17.8,-7.13581395348783,0.152397506541282,-16.8413980027178,0.351439443757507,0.404185429495783,0.0727818591777725,363.363214185217,244.987317923349,145.025510287256,106.595383007131
"93","Fuxian",1208.02325581393,-7.01990009143458,-24.397,-8.88653868774565,17.8,-7.23348837209253,0.152397506541282,-16.6994557677268,0.348974007527306,0.572108581614104,0.079813499893436,317.050269907244,204.104494718616,179.214387684752,120.850458625787
"94","Fuxian",1214.99999999997,-6.6543888992154,-22.841,-9.28006910076056,17.8,-7.11250000000098,0.29364093720052,-16.3402893633319,0.353088260455381,0.457153689515662,0.0787260253350386,344.3071430725,229.83926378532,154.452155086613,111.581143425073
"95","Fuxian",1247.20699708454,-5.14515862269741,-23.263,-9.12133451601597,17.8,-7.42663556851193,0.707737003883976,-14.8401113722151,0.352576583695258,0.828444312352907,0.11182990499509,328.465146905281,217.174535479051,270.470575576988,188.11517000421
"96","Fuxian",1250.12244897959,-5.34820634871426,-23.314,-9.0505789622506,17.8,-7.82832653061243,0.543966910758366,-15.0479169643661,0.35534990428411,0.82865904418385,0.115876625913253,329.957487266994,211.922096934341,272.593284861408,183.275644065028
"97","Fuxian",1262.95043731778,-6.5226686556349,-23.175,-9.5889228997835,17.8,-6.72537609329469,0.411693656335225,-16.2043280210746,0.354557884448759,0.492904968470759,0.0775459566166961,361.510603939724,241.905208888991,177.219872944774,124.189086317785
"98","Fuxian",1286.63157894734,-6.10428410998702,-23.164,-9.58276030873105,17.8,-6.7904736842082,0.367820155329567,-15.7873655096042,0.353741837277301,0.564346887195131,0.0831110260514253,362.091298607435,240.616070864492,203.2458663389,141.923558598269
"99","Fuxian",1289.78947368419,-5.82683812327627,-24.366,-8.46901149144992,17.8,-7.04784210526148,0.367820155329567,-15.5178883347021,0.352537485380369,0.774715946487131,0.0962309571958197,293.723168526022,178.565782349262,226.978332894527,142.271901509964
"100","Fuxian",1302.57894736839,-6.74477838517396,-24.79,-10.1491275992634,17.8,-6.42307017543969,0.172312700247738,-16.4205994625987,0.359528529797152,0.609621326962731,0.0772892127276498,406.213892044657,289.323969469701,245.863607681723,181.276113867069
"101","Fuxian",1329.33333333327,-6.98106175082955,-23.284,-9.97851366820476,17.8,-6.80733333333181,0.551505515233831,-16.6542782193043,0.354012721918117,0.439775907012404,0.0723549907275238,393.232264667228,270.845037627673,170.268936433652,125.791927172009
"102","Fuxian",1330.99999999994,-6.79842482282686,-24.987,-9.59683735378099,17.8,-6.81966666666689,0.458184824424962,-16.4799813887304,0.351883931306672,0.643768976790093,0.0799517208063943,364.660312670437,242.913629626717,232.408813591309,160.899512264195
"103","Fuxian",1337.6666666666,-6.60278670305399,-24.673,-9.08765551528097,17.8,-6.79522222222247,0.458184824424962,-16.287329461724,0.346774392503798,0.642867181179657,0.0794538567574858,331.359333619698,212.209728010462,211.920479179857,141.551352280607
"104","Fuxian",1342.6666666666,-6.90015649676945,-24.568,-10.3490345419358,17.8,-6.58844444444942,0.447883913531174,-16.5860223028417,0.348655302860907,0.56943450813146,0.0742134629764487,418.927898499581,302.766914624367,236.881348795677,178.614590528806
"105","Fuxian",1375.12499999993,-6.88241256760148,-24.801,-9.8484291653433,17.8,-6.43453125000236,0.41464844547319,-16.5623487809606,0.352646690861656,0.588668144857672,0.0747772194211679,384.816759851191,257.088679547908,224.757195009922,155.50527929656
"106","Fuxian",1377.42187499993,-6.47561832617248,-23.991,-9.60870725817176,17.8,-6.35701171875236,0.41464844547319,-16.1615298132986,0.35750869325286,0.565386612654403,0.0763870013533942,368.869687830313,247.489621220969,207.664804554002,145.935786849556
"107","Fuxian",1407.66666666659,-5.71481915738548,-23.195,-9.9988741131265,17.8,-6.41933333333019,0.283196045170126,-15.4067812182049,0.34907304456238,0.613076593313373,0.0849303365847986,394.305521939066,280.10501845679,240.763817585045,178.212341613771
"108","Fuxian",1410.66666666659,-5.71481915738548,-23.277,-9.32122048288659,17.8,-6.53666666666417,0.240883789408918,-15.4143637620365,0.352593036022536,0.627304283311669,0.0867355653180796,343.548535366298,229.915851501897,212.999644002841,150.070934087949
"109","Fuxian",1415.99999999992,-6.0155390590337,-24.126,-8.96052667274989,17.8,-6.7099999999974,0.240883789408918,-15.7122275204779,0.35598909928135,0.680200382077912,0.0876134921427045,317.703428012107,205.158348554027,214.454312017124,144.927313779866
"110","Fuxian",1457.40909090889,-5.70323963934197,-23.453,-9.48912216199824,17.8,-7.08428787876973,0.647578824030969,-15.4009871019782,0.350547235765946,0.69250205225471,0.0941067581536915,359.109747858794,242.834103815563,246.621970089162,173.834894555325
"111","Fuxian",1462.81818181798,-6.0028742403772,-25.8075,-9.00684622481231,17.8,-7.01443939396113,0.554158521243395,-15.6922088743357,0.355005611541525,0.903958658376634,0.0978042462252515,323.674711025162,210.462947047904,290.38510809605,195.132494713943
"112","Fuxian",1465.13636363616,-6.42514595716125,-24.267,-9.39306464812466,17.8,-6.76446212123407,0.554158521243395,-16.110504816443,0.34867958811587,0.62883180793221,0.0819363141669666,353.244032793085,231.04942996349,220.144521376669,150.87538381016
"113","Fuxian",1493.95652173902,-6.89641052506397,-25.309,-10.1523387443432,17.8,-6.46986956520944,0.446056797579262,-16.5735344195612,0.351548557652896,0.638257982201794,0.0762264115442486,410.370622057259,291.474790955848,260.901137694651,192.557920142517
"114","Fuxian",1498.65217391293,-6.09152797097272,-24.549,-9.38753642059828,17.8,-6.80795652173096,0.446056797579262,-15.7831868065024,0.35120508075785,0.722981741241047,0.0882954463231104,349.156200054857,235.092052813065,251.364484883318,175.83655147738
"115","Fuxian",1504.1304347825,-5.68665662584749,-22.856,-9.46425842398503,17.8,-6.92083333333292,0.111654228162961,-15.3825753718937,0.355957441092912,0.612619907219403,0.0905717518372749,359.172464770295,240.007189892756,217.576171835589,152.863323981192
"116","Fuxian",1623.37499999976,-6.56537793359075,-23.943,-10.4509225379761,17.8,-6.16719791666521,0.115866302262565,-16.2457160620354,0.354112632509851,0.536945606383886,0.0740547672138894,427.482462683043,307.438603573098,227.945050819604,172.489187976822
"117","Fuxian",1644.15662650591,-5.76412391031522,-22.967,-9.70325115489129,17.8,-6.08734939758865,0.129357386079548,-15.4598508652967,0.356116303395657,0.556182391547858,0.0805572836968678,378.77830171737,251.289895326297,207.034421664304,146.591516684012
"118","Fuxian",1651.77710843362,-5.73553322259784,-23.164,-9.55691791783477,17.8,-6.2194277108405,0.25781130050226,-15.4228314371579,0.352411500082304,0.59439543611535,0.0819735127862059,362.918078878039,250.346421181311,213.134798725341,154.552483812087
"119","Fuxian",1664.69879518061,-5.98655946075519,-24.356,-9.36271199092118,17.8,-6.34512048192963,0.258585898042926,-15.6736003615512,0.354342919091668,0.686490650387121,0.0845463834027365,346.130150326834,228.561500761888,237.577359755679,161.965996330541
"120","Fuxian",1698.57876712324,-5.51011280922864,-23.853,-8.80506244131266,17.8,-6.74843036529463,0.418051033567275,-15.1969050423369,0.351601851302927,0.753160627632445,0.096484723944198,305.537074304352,196.738271251307,229.80267934211,152.896690538348
"121","Fuxian",1711.52397260269,-5.68858676687489,-24.277,-9.37503803040408,17.8,-6.4864155251133,0.307354301526214,-15.376561570069,0.35305135593018,0.744766819931268,0.0899366061182716,346.810448632802,233.338036297209,257.710553237048,179.73521780288
"122","Fuxian",1746.04687499991,-5.49708978302954,-24.22,-9.53012149784854,17.8,-6.78591145832839,0.393488669891947,-15.192868049587,0.350693479868008,0.802172919707596,0.0967549637428523,359.206728281923,240.559830655909,288.501395172984,201.125064769252
"123","Fuxian",1755.8906249999,-5.92787045173918,-22.961,-9.04599845420103,17.8,-6.4476510416761,0.488159809898357,-15.6200299539585,0.353838405352498,0.55129684199794,0.0820529389561581,323.772130336407,214.83833810614,177.265017571253,123.243692400791
"124","Fuxian",1756.5937499999,-6.13354177963333,-23.145,-9.27448509729197,17.8,-6.3813229166761,0.488159809898357,-15.8294053684854,0.349839078158093,0.531187818789288,0.0782537469450553,341.177653989848,226.377128783504,179.714802910981,125.521144772465
"125","Fuxian",1860.64814814796,-7.208451588912,-24.453,-9.7845716530984,17.8,-6.05377314814415,0.118180652674905,-16.8876318297727,0.352255681490559,0.487144782475216,0.0675302773317026,378.527350158655,256.735372540309,183.706796738863,130.163647283491
"126","Fuxian",1997.65354330704,-5.60309234248291,-23.511,-9.44262745382309,17.8,-5.98661417323013,0.275801861245835,-15.2978862986159,0.347726789859808,0.637108258936153,0.0826197481665371,347.524439267626,233.314586572375,219.968797165252,154.67065250154
"127","Fuxian",2002.33070866138,-6.01881220638904,-23.534,-9.22518240347677,17.8,-5.93823097112794,0.183371208208923,-15.7077222379228,0.349419173353593,0.567454213300021,0.0756180634878582,338.530204289902,221.397666509868,191.28271791823,129.935556114442
"128","Fuxian",2005.09448818894,-5.91821992619941,-24.083,-10.0021639051269,17.8,-5.98751837270277,0.183371208208923,-15.6132711263294,0.35066587672435,0.643357234752042,0.0791335693959067,392.036498927273,275.174982386239,249.730001614268,182.263586631699
"129","Fuxian",2054.99999999995,-4.93652983796926,-24.486,-8.82655533128047,17.8,-6.93500000000058,0.0713559154286922,-14.6330641456724,0.350992458047655,0.981102472050824,0.114325338893038,311.18208401273,195.747151215602,303.613721191057,197.558752841074
"130","Fuxian",2064.99999999995,-5.29377411928488,-24.33,-8.69244119052621,17.8,-6.65666666666887,0.221114600754149,-14.9950639563014,0.347793113203385,0.845644105775564,0.0988189368860797,298.076976520755,187.550238543509,252.413930623192,163.121798701198
"131","Fuxian",2074.99999999996,-5.9371882419299,-24.341,-9.55683611746508,17.8,-6.4033333333336,0.0991211380079951,-15.6188612073056,0.355690367635461,0.698195573672396,0.0861851887706565,356.987291418964,242.186062820234,248.178145396262,173.239368798041
"132","Fuxian",2155.21367521368,-4.57059437112639,-22.643,-8.61374498764064,17.8,-6.43705128205116,0.122338328690017,-14.275330915659,0.352701753803179,0.773651099848919,0.10410383247002,294.314978722841,188.531927379705,227.130028346797,152.608566859874
"133","Fuxian",2160.10256410257,-4.59389508252184,-22.619,-9.4989646163167,17.8,-6.31614529914536,0.137961347243833,-14.2899601810169,0.354841771252195,0.756281165376359,0.102002573285924,350.456685939075,234.920316729315,264.878778675408,184.514116023942
"134","Fuxian",2165.36752136753,-4.83666126403796,-23.617,-8.45970609742971,17.8,-6.37493732193742,0.137961347243833,-14.5390475557835,0.358156249020613,0.830215902065571,0.102472212862027,293.015031143128,176.293332870606,241.944081898014,151.150204836326
"135","Fuxian",2237.02941176472,-4.92481928685982,-24.824,-9.24938788260078,17.8,-6.24167647058855,0.151547572288924,-14.6353804930055,0.348829233330442,0.94246004374313,0.102091834785653,340.783121087753,223.083027595103,319.387184834449,213.89835273399
"136","Fuxian",2243.4117647059,-5.66266074131795,-23.998,-9.4034979728608,17.8,-6.40041176470635,0.156498136304132,-15.359409497845,0.350198311573939,0.710095940644843,0.0875055332219257,350.186406004263,235.451265752886,246.076226591039,172.391278855522
"137","Fuxian",2244.9,-5.81000393169461,-23.066,-10.046715970163,17.8,-6.43985,0.156498136304132,-15.4948450581152,0.351122796407335,0.582557224083317,0.0835581062361472,398.949335421847,282.424403704504,230.698067740974,169.974983205943
"138","Fuxian",2511.31868131873,-4.17581356468497,-23.861,-9.15059081933134,17.8,-6.67600732600436,0.374020944155092,-13.8824784563261,0.352610408297554,1.06758264405427,0.124911049078901,336.516636297022,221.41978138498,358.664361971105,243.518483815519
"139","Fuxian",2518.1,-4.44192044764964,-22.481,-9.2235559605582,17.8,-6.26121666666666,0.374020944155092,-14.1432822495974,0.352803459376121,0.76611059005683,0.103373734113191,337.852542921027,223.233930943397,256.468748051639,177.394250887813
"140","Fuxian",2527.80219780226,-5.64583102431254,-24.373,-10.2346928272476,17.8,-6.17230769230791,0.143874945699382,-15.3399325208401,0.354693748569222,0.735829858585458,0.086971227258102,412.580552478567,295.998403720894,302.549855758715,222.917676889122
"141","Fuxian",2534.6,-5.25301701973126,-24.2,-9.30079393039864,17.8,-6.1869,0.116189500386223,-14.9584483817929,0.353419822892065,0.793004331560763,0.0939932634145336,340.75005987454,228.172123084826,268.560259059282,187.148092941346
