age,GMST
0,0.21
0.00105,-0.22
0.00205,0.01
0.00305,0.11
0.00405,-0.07
0.00505,-0.05
0.00605,-0.14
0.00705,0.03
0.00805,-0.09
0.00905,-0.29
0.01005,-0.88
0.01105,-1.26
0.01205,-2.10
0.01305,-2.89
0.01405,-3.37
0.01505,-4.13
0.01605,-4.73
0.01705,-5.05
0.01805,-5.25
0.01905,-5.69
0.02005,-5.65
0.02105,-5.48
0.02205,-5.56
0.023,-5.79
0.024,-5.72
0.025,-5.74
0.026,-5.93
0.027,-5.98
0.028,-5.62
0.029,-5.39
0.03,-5.65
0.031,-5.64
0.032,-5.24
0.033,-5.34
0.034,-5.38
0.035,-5.23
0.036,-5.50
0.037,-5.69
0.038,-5.58
0.039,-5.78
0.04,-5.55
0.041,-5.52
0.042,-5.42
0.043,-5.11
0.044,-5.19
0.045,-5.10
0.046,-5.40
0.047,-5.44
0.048,-5.27
0.049,-4.89
0.05,-4.82
0.051,-4.59
0.052,-4.68
0.053,-4.84
0.054,-4.66
0.055,-4.63
0.056,-4.61
0.057,-4.71
0.058,-5.02
0.059,-5.10
0.06,-5.35
0.061,-5.27
0.062,-5.43
0.063,-5.67
0.064,-5.41
0.065,-5.34
0.066,-5.42
0.067,-5.14
0.068,-4.91
0.069,-4.74
0.07,-4.46
0.071,-4.18
0.072,-4.01
0.073,-3.49
0.074,-3.26
0.075,-2.89
0.076,-2.77
0.077,-2.83
0.078,-2.77
0.079,-2.40
0.08,-1.95
0.081,-1.82
0.082,-1.79
0.083,-1.80
0.084,-1.96
0.085,-2.16
0.086,-2.18
0.087,-2.42
0.088,-2.36
0.089,-2.26
0.09,-2.04
0.091,-1.96
0.092,-1.80
0.093,-1.69
0.094,-1.61
0.095,-1.48
0.096,-1.21
0.097,-1.08
0.098,-0.98
0.099,-1.03
0.1,-0.75
0.101,-0.86
0.102,-0.85
0.103,-0.77
0.104,-0.66
0.105,-0.87
0.106,-1.15
0.107,-1.53
0.108,-1.66
0.109,-1.50
0.11,-1.66
0.111,-1.58
0.112,-1.20
0.113,-1.18
0.114,-1.10
0.115,-1.10
0.116,-0.93
0.117,-0.60
0.118,-0.27
0.119,-0.10
0.12,0.22
0.121,0.54
0.122,0.70
0.123,0.85
0.124,1.01
0.125,1.01
0.126,1.01
0.127,1.01
0.128,0.70
0.129,0.38
0.13,-0.43
0.131,-1.70
0.132,-2.09
0.133,-2.62
0.134,-3.00
0.135,-3.36
0.136,-3.45
0.137,-3.69
0.138,-3.90
0.139,-4.13
0.14,-4.07
0.141,-4.07
0.142,-4.21
0.143,-4.21
0.144,-4.47
0.145,-4.26
0.146,-4.07
0.147,-4.24
0.148,-4.30
0.149,-4.25
0.15,-4.44
0.151,-4.29
0.152,-4.15
0.153,-4.38
0.154,-4.96
0.155,-5.19
0.156,-5.16
0.157,-5.53
0.158,-5.40
0.159,-5.17
0.16,-4.59
0.161,-4.19
0.162,-4.58
0.163,-4.53
0.164,-4.34
0.165,-4.34
0.166,-4.45
0.167,-4.70
0.168,-4.92
0.169,-4.17
0.17,-4.04
0.171,-3.91
0.172,-4.17
0.173,-4.05
0.174,-4.16
0.175,-4.24
0.176,-3.89
0.177,-3.97
0.178,-4.09
0.179,-3.73
0.18,-3.69
0.181,-3.96
0.182,-4.21
0.183,-4.02
0.184,-3.78
0.185,-3.62
0.186,-3.58
0.187,-3.46
0.188,-3.21
0.189,-3.13
0.19,-3.09
0.191,-2.79
0.192,-2.36
0.193,-2.60
0.194,-2.55
0.195,-2.50
0.196,-2.36
0.197,-2.16
0.198,-1.78
0.199,-1.64
0.2,-1.59
0.201,-1.46
0.202,-1.29
0.203,-1.15
0.204,-1.24
0.205,-1.32
0.206,-1.32
0.207,-1.23
0.208,-1.06
0.209,-1.02
0.21,-1.04
0.211,-0.95
0.212,-0.89
0.213,-0.80
0.214,-0.96
0.215,-1.03
0.216,-1.02
0.217,-1.31
0.218,-1.67
0.219,-2.29
0.22,-2.63
0.221,-2.80
0.222,-3.10
0.223,-3.20
0.224,-3.14
0.225,-3.15
0.226,-3.19
0.227,-3.09
0.228,-3.11
0.229,-3.06
0.23,-2.99
0.231,-2.80
0.232,-2.52
0.233,-2.48
0.234,-2.40
0.235,-2.26
0.236,-2.00
0.237,-1.62
0.238,-1.40
0.239,-1.14
0.24,-1.05
0.241,-1.16
0.242,-1.61
0.243,-1.99
0.244,-2.21
0.245,-2.14
0.246,-2.76
0.247,-3.26
0.248,-3.62
0.249,-3.90
0.25,-4.02
0.251,-4.31
0.252,-4.11
0.253,-4.34
0.254,-4.47
0.255,-4.34
0.256,-4.32
0.257,-4.29
0.258,-4.32
0.259,-4.32
0.26,-4.44
0.261,-4.50
0.262,-4.83
0.263,-4.49
0.264,-4.77
0.265,-4.70
0.266,-4.78
0.267,-4.99
0.268,-5.19
0.269,-5.49
0.27,-5.24
0.271,-5.01
0.272,-4.90
0.273,-5.32
0.274,-5.09
0.275,-4.83
0.276,-4.81
0.277,-4.49
0.278,-4.32
0.279,-4.21
0.28,-3.99
0.281,-3.96
0.282,-3.60
0.283,-3.19
0.284,-2.84
0.285,-2.67
0.286,-2.59
0.287,-2.65
0.288,-2.91
0.289,-2.86
0.29,-3.04
0.291,-3.15
0.292,-3.41
0.293,-3.90
0.294,-3.89
0.295,-3.81
0.296,-3.51
0.297,-3.58
0.298,-3.42
0.299,-3.42
0.3,-3.50
0.301,-3.32
0.302,-3.19
0.303,-2.99
0.304,-2.83
0.305,-2.81
0.306,-2.70
0.307,-2.71
0.308,-2.37
0.309,-2.14
0.31,-2.05
0.311,-1.90
0.312,-1.80
0.313,-1.54
0.314,-1.62
0.315,-1.85
0.316,-1.86
0.317,-1.89
0.318,-1.97
0.319,-1.66
0.32,-1.35
0.321,-1.12
0.322,-0.93
0.323,-0.85
0.324,-0.67
0.325,-0.53
0.326,-0.31
0.327,-0.33
0.328,-0.12
0.329,0.05
0.33,0.04
0.331,0.09
0.332,-0.04
0.333,-0.54
0.334,-0.84
0.335,-1.46
0.336,-1.87
0.337,-2.65
0.338,-2.81
0.339,-3.36
0.34,-3.69
0.341,-4.39
0.342,-4.65
0.343,-4.48
0.344,-4.64
0.345,-4.95
0.346,-5.09
0.347,-5.11
0.348,-5.06
0.349,-4.86
0.35,-5.02
0.351,-5.21
0.352,-5.04
0.353,-4.93
0.354,-5.14
0.355,-5.45
0.356,-5.20
0.357,-5.26
0.358,-4.95
0.359,-4.97
0.36,-4.69
0.361,-5.15
0.362,-5.64
0.363,-5.63
0.364,-5.39
0.365,-5.50
0.366,-5.38
0.367,-5.37
0.368,-5.38
0.369,-5.07
0.37,-4.99
0.371,-4.86
0.372,-4.89
0.373,-5.25
0.374,-5.05
0.375,-4.88
0.376,-4.70
0.377,-4.34
0.378,-4.13
0.379,-3.79
0.38,-3.60
0.381,-3.46
0.382,-3.46
0.383,-3.26
0.384,-3.19
0.385,-3.40
0.386,-3.54
0.387,-2.54
0.388,-2.80
0.389,-2.70
0.39,-2.52
0.391,-2.24
0.392,-1.82
0.393,-1.91
0.394,-1.96
0.395,-1.83
0.396,-2.01
0.397,-1.33
0.398,-1.45
0.399,-1.14
0.4,-0.68
0.401,-0.35
0.402,0.06
0.403,0.65
0.404,1.00
0.405,0.61
0.406,0.47
0.407,0.53
0.408,0.49
0.409,0.67
0.41,0.40
0.411,0.03
0.412,0.02
0.413,0.26
0.414,-0.11
0.415,0.06
0.416,-0.09
0.417,-1.14
0.418,-1.38
0.419,-1.73
0.42,-2.46
0.421,-3.00
0.422,-3.44
0.423,-3.78
0.424,-4.20
0.425,-4.41
0.426,-4.66
0.427,-4.86
0.428,-5.14
0.429,-4.93
0.43,-4.90
0.431,-5.36
0.432,-5.52
0.433,-5.67
0.434,-5.79
0.435,-5.89
0.436,-5.60
0.437,-5.98
0.438,-6.17
0.439,-6.18
0.44,-5.99
0.441,-5.99
0.442,-5.90
0.443,-6.05
0.444,-6.17
0.445,-6.12
0.446,-6.24
0.447,-6.29
0.448,-6.25
0.449,-6.08
0.45,-5.98
0.451,-5.84
0.452,-5.99
0.453,-6.30
0.454,-6.38
0.455,-6.42
0.456,-6.55
0.457,-6.61
0.458,-6.44
0.459,-6.52
0.46,-6.81
0.461,-7.07
0.462,-7.08
0.463,-6.96
0.464,-6.72
0.465,-6.65
0.466,-6.74
0.467,-6.61
0.468,-6.47
0.469,-6.34
0.47,-6.07
0.471,-6.35
0.472,-5.75
0.473,-5.53
0.474,-5.22
0.475,-4.96
0.476,-4.88
0.477,-4.76
0.478,-4.60
0.479,-4.25
0.48,-4.14
0.481,-4.23
0.482,-3.91
0.483,-3.38
0.484,-3.48
0.485,-3.54
0.486,-3.58
0.487,-3.55
0.488,-3.40
0.489,-3.03
0.49,-2.59
0.491,-2.46
0.492,-2.45
0.493,-2.40
0.494,-2.29
0.495,-2.39
0.496,-2.26
0.497,-2.10
0.498,-2.07
0.499,-1.98
0.5,-2.09
0.501,-2.23
0.502,-2.30
0.503,-2.37
0.504,-2.48
0.505,-2.59
0.506,-2.73
0.507,-2.88
0.508,-3.07
0.509,-3.41
0.51,-3.23
0.511,-3.21
0.512,-3.25
0.513,-3.35
0.514,-3.42
0.515,-3.48
0.516,-3.56
0.517,-3.40
0.518,-3.50
0.519,-3.42
0.52,-3.48
0.521,-3.51
0.522,-3.43
0.523,-3.36
0.524,-3.40
0.525,-3.50
0.526,-3.49
0.527,-3.61
0.528,-3.78
0.529,-3.64
0.53,-3.93
0.531,-4.06
0.532,-4.06
0.533,-4.39
0.534,-4.58
0.535,-4.78
0.536,-4.90
0.537,-4.96
0.538,-5.04
0.539,-5.21
0.54,-5.18
0.541,-5.38
0.542,-5.43
0.543,-4.97
0.544,-5.12
0.545,-4.86
0.546,-4.60
0.547,-4.54
0.548,-4.46
0.549,-4.48
0.55,-4.40
0.551,-4.39
0.552,-4.30
0.553,-4.10
0.554,-3.79
0.555,-3.93
0.556,-3.89
0.557,-3.98
0.558,-3.66
0.559,-3.66
0.56,-3.35
0.561,-3.40
0.562,-3.25
0.563,-3.12
0.564,-2.89
0.565,-2.58
0.566,-2.40
0.567,-2.17
0.568,-2.12
0.569,-2.29
0.57,-2.30
0.571,-2.33
0.572,-2.27
0.573,-1.91
0.574,-1.75
0.575,-1.57
0.576,-1.55
0.577,-1.57
0.578,-1.73
0.579,-1.81
0.58,-2.08
0.581,-2.39
0.582,-2.40
0.583,-2.35
0.584,-2.06
0.585,-2.08
0.586,-2.08
0.587,-2.19
0.588,-2.26
0.589,-2.16
0.59,-1.94
0.591,-2.02
0.592,-2.37
0.593,-2.23
0.594,-1.99
0.595,-1.72
0.596,-1.46
0.597,-1.46
0.598,-1.58
0.599,-1.53
0.6,-1.53
0.601,-1.20
0.602,-1.20
0.603,-1.04
0.604,-1.00
0.605,-0.91
0.606,-0.84
0.607,-0.84
0.608,-1.03
0.609,-1.19
0.61,-1.22
0.611,-1.33
0.612,-1.43
0.613,-1.47
0.614,-1.61
0.615,-1.79
0.616,-2.12
0.617,-2.32
0.618,-2.25
0.619,-2.41
0.62,-2.55
0.621,-2.73
0.622,-3.03
0.623,-3.33
0.624,-3.73
0.625,-4.11
0.626,-4.33
0.627,-4.45
0.628,-4.63
0.629,-4.82
0.63,-4.91
0.631,-4.98
0.632,-4.92
0.633,-4.86
0.634,-4.89
0.635,-4.86
0.636,-4.83
0.637,-4.93
0.638,-4.65
0.639,-4.63
0.64,-4.51
0.641,-4.46
0.642,-4.44
0.643,-4.22
0.644,-4.18
0.645,-3.72
0.646,-4.03
0.647,-4.07
0.648,-4.04
0.649,-4.11
0.65,-4.28
0.651,-4.20
0.652,-4.66
0.653,-4.42
0.654,-4.29
0.655,-4.23
0.656,-3.99
0.657,-4.01
0.658,-4.21
0.659,-4.27
0.66,-4.30
0.661,-4.36
0.662,-4.42
0.663,-4.50
0.664,-4.43
0.665,-4.37
0.666,-4.27
0.667,-4.42
0.668,-4.41
0.669,-4.60
0.67,-4.60
0.671,-4.64
0.672,-4.66
0.673,-4.88
0.674,-4.69
0.675,-4.43
0.676,-4.50
0.677,-4.21
0.678,-4.06
0.679,-3.94
0.68,-3.92
0.681,-3.82
0.682,-3.65
0.683,-3.23
0.684,-3.24
0.685,-3.45
0.686,-3.48
0.687,-2.94
0.688,-2.41
0.689,-1.52
0.69,-1.48
0.691,-1.72
0.692,-1.71
0.693,-1.32
0.694,-2.23
0.695,-2.19
0.696,-2.20
0.697,-2.12
0.698,-1.84
0.699,-1.65
0.7,-1.49
0.701,-1.53
0.702,-1.48
0.703,-1.77
0.704,-1.57
0.705,-1.35
0.706,-1.31
0.707,-1.47
0.708,-1.86
0.709,-2.11
0.71,-2.44
0.711,-2.75
0.712,-3.39
0.713,-3.59
0.714,-3.81
0.715,-4.74
0.716,-4.67
0.717,-4.76
0.718,-4.80
0.719,-4.85
0.72,-4.78
0.721,-4.68
0.722,-4.62
0.723,-4.41
0.724,-4.34
0.725,-4.24
0.726,-4.36
0.727,-4.41
0.728,-4.37
0.729,-4.23
0.73,-4.05
0.731,-3.80
0.732,-3.71
0.733,-3.79
0.734,-3.64
0.735,-3.56
0.736,-3.33
0.737,-3.18
0.738,-3.12
0.739,-3.14
0.74,-3.25
0.741,-3.43
0.742,-3.60
0.743,-3.70
0.744,-3.88
0.745,-4.02
0.746,-4.31
0.747,-4.47
0.748,-4.36
0.749,-4.09
0.75,-3.90
0.751,-3.83
0.752,-3.84
0.753,-3.93
0.754,-3.87
0.755,-3.97
0.756,-3.70
0.757,-4.03
0.758,-3.97
0.759,-4.24
0.76,-3.84
0.761,-3.50
0.762,-3.15
0.763,-3.23
0.764,-3.00
0.765,-3.25
0.766,-3.20
0.767,-3.22
0.768,-3.20
0.769,-3.31
0.77,-3.40
0.771,-3.35
0.772,-3.19
0.773,-3.07
0.774,-2.88
0.775,-2.65
0.776,-2.32
0.777,-2.11
0.778,-1.69
0.779,-2.04
0.78,-1.75
0.781,-1.45
0.782,-1.26
0.783,-1.19
0.784,-1.31
0.785,-1.67
0.786,-2.06
0.787,-2.36
0.788,-2.69
0.789,-3.29
0.79,-3.87
0.791,-4.37
0.792,-4.53
0.793,-5.36
0.794,-6.48
0.795,-6.80
0.796,-7.04
0.797,-6.93
0.798,-6.36
0.799,-6.75
0.8,-6.59
0.801,-7.17
0.802,-6.84
0.803,-6.84
0.804,-6.73
0.805,-6.93
0.806,-6.82
0.807,-6.59
0.808,-6.33
0.809,-6.17
0.81,-5.40
0.811,-4.72
0.812,-4.50
0.813,-4.49
0.814,-4.33
0.815,-4.27
0.816,-4.21
0.817,-4.19
0.818,-4.11
0.819,-3.80
0.82,-3.48
0.821,-3.37
0.822,-3.18
0.823,-3.09
0.824,-3.13
0.825,-3.22
0.826,-3.30
0.827,-3.27
0.828,-3.43
0.829,-3.43
0.83,-3.50
0.831,-3.19
0.832,-3.16
0.833,-2.85
0.834,-2.69
0.835,-2.73
0.836,-2.62
0.837,-2.65
0.838,-2.55
0.839,-2.50
0.84,-2.38
0.841,-2.17
0.842,-1.84
0.843,-1.80
0.844,-1.51
0.845,-1.50
0.846,-1.51
0.847,-1.57
0.848,-1.63
0.849,-1.78
0.85,-1.87
0.851,-2.34
0.852,-2.19
0.853,-1.86
0.854,-1.58
0.855,-1.34
0.856,-1.28
0.857,-1.07
0.858,-1.04
0.859,-1.17
0.86,-1.21
0.861,-1.63
0.862,-2.19
0.863,-2.67
0.864,-3.18
0.865,-3.87
0.866,-4.22
0.867,-4.71
0.868,-4.73
0.869,-5.08
0.87,-5.18
0.871,-5.46
0.872,-5.71
0.873,-5.73
0.874,-5.83
0.875,-5.61
0.876,-5.57
0.877,-5.50
0.878,-5.33
0.879,-5.77
0.88,-5.89
0.881,-6.45
0.882,-6.24
0.883,-6.33
0.884,-6.41
0.885,-6.57
0.886,-6.52
0.887,-6.17
0.888,-6.35
0.889,-5.88
0.89,-5.69
0.891,-5.24
0.892,-5.15
0.893,-5.07
0.894,-4.96
0.895,-4.89
0.896,-4.92
0.897,-4.88
0.898,-4.80
0.899,-4.56
0.9,-4.51
0.901,-4.26
0.902,-4.17
0.903,-3.86
0.904,-3.72
0.905,-3.74
0.906,-3.70
0.907,-3.73
0.908,-3.64
0.909,-3.59
0.91,-3.51
0.911,-3.36
0.912,-3.59
0.913,-3.88
0.914,-3.89
0.915,-4.15
0.916,-4.55
0.917,-5.07
0.918,-5.24
0.919,-5.53
0.92,-5.67
0.921,-5.94
0.922,-6.10
0.923,-6.04
0.924,-5.94
0.925,-5.71
0.926,-5.56
0.927,-5.68
0.928,-5.59
0.929,-5.39
0.93,-5.07
0.931,-4.96
0.932,-4.68
0.933,-4.15
0.934,-3.76
0.935,-3.65
0.936,-3.55
0.937,-3.41
0.938,-3.17
0.939,-2.94
0.94,-3.08
0.941,-2.96
0.942,-2.68
0.943,-2.36
0.944,-2.23
0.945,-2.00
0.946,-1.85
0.947,-1.59
0.948,-1.50
0.949,-1.31
0.95,-1.03
0.951,-0.97
0.952,-0.99
0.953,-0.95
0.954,-1.03
0.955,-1.05
0.956,-1.11
0.957,-1.38
0.958,-1.61
0.959,-1.53
0.96,-1.56
0.961,-1.85
0.962,-1.99
0.963,-2.25
0.964,-2.57
0.965,-2.67
0.966,-2.66
0.967,-2.64
0.968,-2.91
0.969,-2.99
0.97,-2.77
0.971,-2.64
0.972,-2.41
0.973,-2.56
0.974,-2.57
0.975,-2.51
0.976,-2.52
0.977,-2.37
0.978,-2.34
0.979,-2.34
0.98,-2.52
0.981,-2.63
0.982,-2.83
0.983,-3.24
0.984,-3.21
0.985,-3.20
0.986,-3.22
0.987,-3.17
0.988,-2.92
0.989,-2.80
0.99,-2.89
0.991,-2.95
0.992,-2.74
0.993,-2.62
0.994,-2.26
0.995,-2.12
0.996,-1.89
0.997,-1.84
0.998,-1.73
0.999,-1.66
1,-1.69
1.001,-1.64
1.002,-1.61
1.003,-1.98
1.004,-2.15
1.005,-2.14
1.006,-2.09
1.007,-2.11
1.008,-2.25
1.009,-2.34
1.01,-2.43
1.011,-2.38
1.012,-2.43
1.013,-2.28
1.014,-2.27
1.015,-2.06
1.016,-1.98
1.017,-1.77
1.018,-1.68
1.019,-1.46
1.02,-1.41
1.021,-1.21
1.022,-0.99
1.023,-1.05
1.024,-1.03
1.025,-0.90
1.026,-0.78
1.027,-0.64
1.028,-0.63
1.029,-0.63
1.03,-0.78
1.031,-0.94
1.032,-1.12
1.033,-1.34
1.034,-1.51
1.035,-1.70
1.036,-1.98
1.037,-2.12
1.038,-2.40
1.039,-2.53
1.04,-2.38
1.041,-2.57
1.042,-2.42
1.043,-2.30
1.044,-2.16
1.045,-2.13
1.046,-2.27
1.047,-2.41
1.048,-2.58
1.049,-2.65
1.05,-2.63
1.051,-2.65
1.052,-2.78
1.053,-2.64
1.054,-2.60
1.055,-2.30
1.056,-2.45
1.057,-2.18
1.058,-2.05
1.059,-2.05
1.06,-1.98
1.061,-1.70
1.062,-1.34
1.063,-1.08
1.064,-0.75
1.065,-0.41
1.066,-0.05
1.067,0.17
1.068,0.36
1.069,0.52
1.07,0.57
1.071,0.53
1.072,0.54
1.073,0.57
1.074,0.52
1.075,0.59
1.076,0.61
1.077,0.49
1.078,0.56
1.079,0.66
1.08,0.76
1.081,0.82
1.082,0.79
1.083,0.66
1.084,0.51
1.085,0.45
1.086,0.02
1.087,-0.19
1.088,-0.57
1.089,-0.66
1.09,-0.88
1.091,-0.90
1.092,-0.97
1.093,-1.37
1.094,-1.66
1.095,-1.95
1.096,-2.13
1.097,-2.18
1.098,-1.98
1.099,-2.24
1.1,-1.99
1.101,-1.99
1.102,-2.15
1.103,-2.30
1.104,-2.18
1.105,-1.93
1.106,-1.55
1.107,-1.39
1.108,-1.07
1.109,-1.01
1.11,-0.44
1.111,-0.82
1.112,-1.02
1.113,-1.25
1.114,-1.40
1.115,-1.51
1.116,-1.73
1.117,-1.86
1.118,-1.90
1.119,-2.15
1.12,-2.27
1.121,-2.58
1.122,-2.90
1.123,-3.03
1.124,-2.99
1.125,-2.91
1.126,-2.71
1.127,-2.59
1.128,-2.54
1.129,-2.63
1.13,-2.74
1.131,-2.74
1.132,-2.96
1.133,-3.17
1.134,-2.94
1.135,-2.32
1.136,-2.66
1.137,-2.67
1.138,-2.89
1.139,-2.69
1.14,-2.42
1.141,-2.00
1.142,-2.03
1.143,-1.86
1.144,-1.79
1.145,-1.71
1.146,-1.52
1.147,-1.23
1.148,-1.00
1.149,-0.75
1.15,-0.63
1.151,-0.55
1.152,-0.74
1.153,-0.75
1.154,-0.58
1.155,-0.45
1.156,-0.24
1.157,-0.11
1.158,0.02
1.159,0.12
1.16,0.14
1.161,0.17
1.162,0.30
1.163,0.46
1.164,0.43
1.165,0.47
1.166,0.55
1.167,0.57
1.168,0.56
1.169,0.70
1.17,0.71
1.171,0.63
1.172,0.66
1.173,0.67
1.174,0.72
1.175,0.64
1.176,0.65
1.177,0.65
1.178,0.59
1.179,0.64
1.18,0.67
1.181,0.87
1.182,0.95
1.183,1.01
1.184,0.94
1.185,0.98
1.186,0.93
1.187,0.93
1.188,0.92
1.189,0.81
1.19,0.77
1.191,0.34
1.192,0.16
1.193,-0.22
1.194,-0.35
1.195,-0.70
1.196,-0.86
1.197,-0.96
1.198,-1.37
1.199,-1.60
1.2,-1.84
1.201,-1.78
1.202,-1.77
1.203,-1.84
1.204,-1.79
1.205,-1.74
1.206,-1.71
1.207,-1.52
1.208,-1.37
1.209,-1.17
1.21,-1.23
1.211,-1.09
1.212,-1.03
1.213,-1.24
1.214,-1.23
1.215,-1.53
1.216,-1.73
1.217,-1.86
1.218,-1.71
1.219,-1.74
1.22,-1.84
1.221,-1.76
1.222,-1.54
1.223,-1.34
1.224,-1.17
1.225,-0.96
1.226,-0.69
1.227,-0.45
1.228,-0.40
1.229,-0.16
1.23,0.01
1.231,0.51
1.232,0.69
1.233,0.66
1.234,0.64
1.235,0.63
1.236,0.59
1.237,0.57
1.238,0.38
1.239,0.23
1.24,0.17
1.241,0.01
1.242,-0.35
1.243,-0.78
1.244,-1.13
1.245,-1.62
1.246,-2.19
1.247,-2.42
1.248,-2.68
1.249,-2.79
1.25,-2.87
1.251,-2.62
1.252,-2.51
1.253,-2.87
1.254,-2.99
1.255,-3.16
1.256,-3.21
1.257,-3.23
1.258,-3.09
1.259,-3.10
1.26,-2.87
1.261,-3.11
1.262,-3.04
1.263,-3.04
1.264,-2.79
1.265,-2.40
1.266,-2.16
1.267,-2.04
1.268,-1.95
1.269,-1.96
1.27,-1.72
1.271,-1.57
1.272,-1.31
1.273,-1.21
1.274,-1.04
1.275,-1.01
1.276,-0.86
1.277,-0.85
1.278,-0.65
1.279,-0.75
1.28,-0.50
1.281,-0.66
1.282,-0.95
1.283,-1.00
1.284,-1.18
1.285,-1.22
1.286,-1.25
1.287,-1.02
1.288,-1.08
1.289,-1.22
1.29,-1.38
1.291,-1.11
1.292,-1.09
1.293,-1.30
1.294,-1.50
1.295,-1.57
1.296,-1.53
1.297,-1.49
1.298,-1.65
1.299,-1.55
1.3,-1.45
1.301,-1.38
1.302,-1.26
1.303,-1.16
1.304,-1.05
1.305,-0.93
1.306,-0.71
1.307,-0.59
1.308,-0.45
1.309,-0.27
1.31,-0.10
1.311,-0.08
1.312,0.10
1.313,0.17
1.314,0.41
1.315,0.61
1.316,0.77
1.317,0.79
1.318,0.83
1.319,0.80
1.32,0.59
1.321,0.42
1.322,0.26
1.323,0.10
1.324,-0.02
1.325,-0.07
1.326,-0.17
1.327,-0.06
1.328,-0.12
1.329,-0.25
1.33,-0.33
1.331,-0.36
1.332,-0.43
1.333,-0.67
1.334,-0.98
1.335,-0.85
1.336,-0.63
1.337,-0.93
1.338,-1.05
1.339,-1.09
1.34,-1.08
1.341,-1.01
1.342,-1.03
1.343,-0.90
1.344,-0.71
1.345,-0.21
1.346,-0.07
1.347,0.14
1.348,0.34
1.349,0.54
1.35,0.69
1.351,0.63
1.352,0.90
1.353,1.15
1.354,1.43
1.355,1.69
1.356,1.64
1.357,1.60
1.358,1.73
1.359,1.76
1.36,1.72
1.361,1.73
1.362,1.70
1.363,1.59
1.364,1.35
1.365,1.08
1.366,0.85
1.367,0.46
1.368,0.28
1.369,0.09
1.37,-0.35
1.371,-0.65
1.372,-1.01
1.373,-1.21
1.374,-1.42
1.375,-1.36
1.376,-1.57
1.377,-1.60
1.378,-1.48
1.379,-1.55
1.38,-1.58
1.381,-1.59
1.382,-1.49
1.383,-1.22
1.384,-1.25
1.385,-1.03
1.386,-0.61
1.387,-0.48
1.388,-0.45
1.389,-0.43
1.39,-0.23
1.391,0.02
1.392,0.18
1.393,0.26
1.394,0.18
1.395,0.02
1.396,0.15
1.397,0.32
1.398,0.46
1.399,0.43
1.4,0.33
1.401,0.31
1.402,0.29
1.403,0.28
1.404,0.12
1.405,-0.18
1.406,-0.44
1.407,-0.62
1.408,-0.57
1.409,-0.26
1.41,-0.23
1.411,-0.29
1.412,-0.39
1.413,-0.38
1.414,-0.03
1.415,-0.02
1.416,0.20
1.417,0.37
1.418,0.18
1.419,0.13
1.42,0.20
1.421,0.30
1.422,0.35
1.423,0.34
1.424,0.39
1.425,0.51
1.426,0.54
1.427,0.57
1.428,0.65
1.429,0.63
1.43,0.57
1.431,0.80
1.432,0.94
1.433,1.04
1.434,1.30
1.435,1.36
1.436,1.28
1.437,1.36
1.438,1.34
1.439,1.37
1.44,1.38
1.441,1.51
1.442,1.50
1.443,1.54
1.444,1.55
1.445,1.64
1.446,1.60
1.447,1.58
1.448,1.48
1.449,1.34
1.45,1.03
1.451,0.73
1.452,0.36
1.453,-0.26
1.454,-0.55
1.455,-0.93
1.456,-0.83
1.457,-0.75
1.458,-0.81
1.459,-0.98
1.46,-0.95
1.461,-1.10
1.462,-1.20
1.463,-1.10
1.464,-0.97
1.465,-0.78
1.466,-0.55
1.467,-0.46
1.468,-0.35
1.469,-0.14
1.47,-0.05
1.471,0.10
1.472,0.19
1.473,0.29
1.474,0.39
1.475,0.56
1.476,0.72
1.477,0.90
1.478,1.06
1.479,1.15
1.48,1.14
1.481,1.29
1.482,1.38
1.483,1.40
1.484,1.51
1.485,1.61
1.486,1.62
1.487,1.67
1.488,1.59
1.489,1.38
1.49,1.15
1.491,0.98
1.492,0.79
1.493,0.64
1.494,0.47
1.495,0.33
1.496,0.19
1.497,-0.16
1.498,-0.27
1.499,-0.31
1.5,-0.20
1.501,-0.20
1.502,-0.21
1.503,-0.32
1.504,-0.34
1.505,-0.37
1.506,-0.32
1.507,-0.23
1.508,-0.20
1.509,-0.12
1.51,-0.01
1.511,0.04
1.512,0.26
1.513,0.39
1.514,0.49
1.515,0.54
1.516,0.55
1.517,0.53
1.518,0.65
1.519,0.68
1.52,0.65
1.521,0.71
1.522,0.48
1.523,0.51
1.524,0.51
1.525,0.37
1.526,0.32
1.527,0.25
1.528,0.36
1.529,-0.12
1.53,-0.21
1.531,-0.52
1.532,-0.60
1.533,-0.80
1.534,-0.98
1.535,-1.04
1.536,-1.05
1.537,-1.30
1.538,-1.28
1.539,-1.15
1.54,-1.01
1.541,-1.07
1.542,-1.01
1.543,-1.00
1.544,-1.01
1.545,-0.90
1.546,-0.76
1.547,-0.79
1.548,-0.72
1.549,-0.51
1.55,-0.23
1.551,0.21
1.552,0.12
1.553,-0.03
1.554,-0.07
1.555,-0.09
1.556,-0.10
1.557,0.05
1.558,0.47
1.559,0.72
1.56,0.83
1.561,0.87
1.562,0.86
1.563,0.89
1.564,1.00
1.565,0.91
1.566,0.97
1.567,0.85
1.568,0.70
1.569,0.65
1.57,0.45
1.571,0.39
1.572,0.17
1.573,0.09
1.574,-0.10
1.575,-0.28
1.576,-0.08
1.577,-0.04
1.578,-0.44
1.579,-0.39
1.58,-0.32
1.581,-0.15
1.582,-0.05
1.583,0.16
1.584,0.36
1.585,0.52
1.586,0.46
1.587,0.35
1.588,0.22
1.589,0.26
1.59,0.19
1.591,-0.03
1.592,0.09
1.593,0.34
1.594,0.55
1.595,0.55
1.596,0.51
1.597,0.51
1.598,0.59
1.599,0.70
1.6,0.76
1.601,0.82
1.602,0.89
1.603,0.97
1.604,0.99
1.605,1.11
1.606,1.08
1.607,1.10
1.608,1.12
1.609,1.10
1.61,1.05
1.611,1.09
1.612,1.11
1.613,1.06
1.614,1.10
1.615,1.11
1.616,1.08
1.617,1.04
1.618,0.98
1.619,0.86
1.62,0.80
1.621,0.71
1.622,0.69
1.623,0.66
1.624,0.52
1.625,0.39
1.626,0.36
1.627,0.49
1.628,0.59
1.629,0.77
1.63,0.93
1.631,0.95
1.632,0.95
1.633,0.91
1.634,0.79
1.635,0.77
1.636,0.57
1.637,0.49
1.638,0.41
1.639,0.29
1.64,0.21
1.641,0.18
1.642,0.18
1.643,0.13
1.644,0.01
1.645,-0.02
1.646,-0.10
1.647,-0.14
1.648,-0.22
1.649,-0.34
1.65,-0.32
1.651,-0.34
1.652,-0.42
1.653,-0.49
1.654,-0.63
1.655,-0.76
1.656,-0.71
1.657,-0.79
1.658,-0.96
1.659,-0.97
1.66,-1.07
1.661,-1.45
1.662,-1.41
1.663,-1.42
1.664,-1.44
1.665,-1.47
1.666,-1.31
1.667,-1.27
1.668,-0.84
1.669,-0.51
1.67,-0.26
1.671,-0.33
1.672,-0.49
1.673,-0.24
1.674,-0.23
1.675,-0.14
1.676,-0.07
1.677,0.03
1.678,0.11
1.679,0.16
1.68,0.23
1.681,0.24
1.682,0.07
1.683,0.29
1.684,0.38
1.685,0.19
1.686,0.28
1.687,0.41
1.688,0.40
1.689,0.49
1.69,0.66
1.691,0.81
1.692,0.86
1.693,0.85
1.694,0.77
1.695,0.51
1.696,0.39
1.697,0.22
1.698,0.07
1.699,-0.03
1.7,-0.09
1.701,-0.11
1.702,-0.12
1.703,-0.29
1.704,-0.22
1.705,-0.17
1.706,-0.04
1.707,0.04
1.708,-0.01
1.709,-0.04
1.71,-0.13
1.711,-0.03
1.712,0.07
1.713,0.19
1.714,0.29
1.715,0.51
1.716,0.54
1.717,0.72
1.718,0.76
1.719,0.81
1.72,0.65
1.721,0.50
1.722,0.42
1.723,0.34
1.724,0.42
1.725,0.44
1.726,0.37
1.727,0.32
1.728,0.25
1.729,0.18
1.73,0.05
1.731,0.11
1.732,0.23
1.733,0.24
1.734,0.26
1.735,0.42
1.736,0.61
1.737,0.96
1.738,1.22
1.739,1.22
1.74,1.10
1.741,0.90
1.742,0.29
1.743,0.04
1.744,-0.05
1.745,-0.21
1.746,-0.27
1.747,-0.34
1.748,-0.44
1.749,-0.30
1.75,-0.15
1.751,-0.17
1.752,-0.01
1.753,0.15
1.754,-0.01
1.755,-0.22
1.756,0.10
1.757,0.05
1.758,0.11
1.759,0.12
1.76,0.14
1.761,-0.02
1.762,-0.13
1.763,0.11
1.764,0.39
1.765,0.62
1.766,0.78
1.767,0.89
1.768,0.96
1.769,1.03
1.77,1.05
1.771,1.24
1.772,1.31
1.773,1.60
1.774,1.65
1.775,1.67
1.776,1.72
1.777,1.70
1.778,1.76
1.779,1.65
1.78,1.42
1.781,1.23
1.782,1.03
1.783,0.95
1.784,0.85
1.785,0.67
1.786,0.52
1.787,0.34
1.788,0.03
1.789,-0.20
1.79,-0.25
1.791,-0.11
1.792,-0.38
1.793,-0.34
1.794,-0.34
1.795,-0.12
1.796,-0.05
1.797,-0.24
1.798,-0.25
1.799,-0.16
1.8,0.13
1.801,0.35
1.802,0.49
1.803,0.66
1.804,0.54
1.805,0.68
1.806,0.74
1.807,0.74
1.808,0.80
1.809,0.85
1.81,1.02
1.811,0.89
1.812,0.98
1.813,0.68
1.814,0.65
1.815,0.57
1.816,0.42
1.817,0.16
1.818,-0.01
1.819,0.20
1.82,0.38
1.821,0.51
1.822,0.87
1.823,0.94
1.824,1.02
1.825,1.10
1.826,1.14
1.827,1.33
1.828,1.40
1.829,1.16
1.83,1.48
1.831,1.40
1.832,1.43
1.833,1.01
1.834,1.06
1.835,1.10
1.836,0.96
1.837,0.85
1.838,1.02
1.839,1.20
1.84,1.15
1.841,1.14
1.842,1.22
1.843,1.48
1.844,1.76
1.845,1.70
1.846,1.73
1.847,1.59
1.848,1.39
1.849,1.33
1.85,1.03
1.851,1.03
1.852,0.84
1.853,0.71
1.854,0.63
1.855,0.67
1.856,0.43
1.857,0.28
1.858,0.18
1.859,0.24
1.86,0.19
1.861,-0.04
1.862,0.02
1.863,0.08
1.864,0.32
1.865,0.38
1.866,0.45
1.867,0.53
1.868,0.68
1.869,0.76
1.87,0.83
1.871,0.77
1.872,0.93
1.873,1.07
1.874,1.52
1.875,1.21
1.876,1.25
1.877,1.06
1.878,1.20
1.879,1.23
1.88,1.11
1.881,1.12
1.882,1.06
1.883,1.12
1.884,0.95
1.885,1.11
1.886,1.10
1.887,1.22
1.888,1.11
1.889,1.13
1.89,1.12
1.891,1.01
1.892,0.94
1.893,0.90
1.894,1.06
1.895,0.93
1.896,1.00
1.897,0.80
1.898,0.59
1.899,1.01
1.9,0.87
1.901,0.86
1.902,0.74
1.903,0.84
1.904,0.91
1.905,0.84
1.906,0.90
1.907,1.06
1.908,1.16
1.909,1.19
1.91,1.48
1.911,1.44
1.912,1.41
1.913,1.38
1.914,1.21
1.915,1.26
1.916,1.31
1.917,1.44
1.918,1.56
1.919,1.57
1.92,1.59
1.921,1.65
1.922,1.69
1.923,1.85
1.924,1.91
1.925,1.82
1.926,1.79
1.927,1.80
1.928,1.81
1.929,1.72
1.93,1.78
1.931,1.92
1.932,1.97
1.933,1.82
1.934,1.94
1.935,1.82
1.936,1.60
1.937,1.56
1.938,1.63
1.939,1.63
1.94,1.64
1.941,1.23
1.942,1.19
1.943,1.09
1.944,0.92
1.945,0.78
1.946,0.64
1.947,0.50
1.948,0.50
1.949,0.43
1.95,0.22
1.951,0.24
1.952,0.31
1.953,0.47
1.954,0.54
1.955,0.61
1.956,0.57
1.957,0.37
1.958,0.49
1.959,0.58
1.96,0.73
1.961,0.96
1.962,1.16
1.963,1.27
1.964,1.24
1.965,1.20
1.966,1.10
1.967,1.13
1.968,1.09
1.969,1.05
1.97,1.09
1.971,1.19
1.972,1.34
1.973,1.41
1.974,1.55
1.975,1.65
1.976,1.69
1.977,1.71
1.978,1.67
1.979,1.66
1.98,1.69
1.981,1.74
1.982,1.78
1.983,1.82
1.984,1.69
1.985,1.65
1.986,1.59
1.987,1.64
1.988,1.69
1.989,1.68
1.99,1.59
1.991,1.77
1.992,1.68
1.993,1.51
1.994,1.56
1.995,1.30
1.996,1.28
1.997,1.40
1.998,1.51
1.999,1.30
2,1.28
2.001,1.29
2.002,1.26
2.003,1.31
2.004,1.22
2.005,1.09
2.006,1.09
2.007,1.10
2.008,1.11
2.009,1.12
2.01,1.30
2.011,1.44
2.012,1.47
2.013,1.53
2.014,1.41
2.015,1.57
2.016,1.60
2.017,1.74
2.018,1.59
2.019,1.76
2.02,1.90
2.021,1.76
2.022,1.71
2.023,1.85
2.024,1.90
2.025,1.88
2.026,1.78
2.027,1.87
2.028,1.73
2.029,1.58
2.03,1.44
2.031,1.40
2.032,1.30
2.033,1.48
2.034,1.40
2.035,1.32
2.036,1.44
2.037,1.42
2.038,1.41
2.039,1.46
2.04,1.41
2.041,1.28
2.042,1.42
2.043,1.15
2.044,1.22
2.045,1.24
2.046,1.27
2.047,1.37
2.048,1.42
2.049,1.46
2.05,1.46
2.051,1.34
2.052,1.39
2.053,1.37
2.054,1.33
2.055,1.23
2.056,1.18
2.057,1.08
2.058,1.03
2.059,0.98
2.06,0.88
2.061,0.70
2.062,0.65
2.063,0.64
2.064,0.43
2.065,0.19
2.066,-0.10
2.067,-0.43
2.068,-0.38
2.069,-0.61
2.07,-0.59
2.071,-0.58
2.072,-0.74
2.073,-0.78
2.074,-0.51
2.075,-0.70
2.076,-0.45
2.077,-0.47
2.078,-0.20
2.079,-0.30
2.08,-0.21
2.081,-0.15
2.082,-0.18
2.083,-0.11
2.084,-0.05
2.085,-0.01
2.086,0.07
2.087,0.24
2.088,0.44
2.089,0.50
2.09,0.45
2.091,0.68
2.092,0.74
2.093,0.73
2.094,0.80
2.095,0.79
2.096,0.72
2.097,0.62
2.098,0.64
2.099,0.74
2.1,0.67
2.101,0.72
2.102,0.67
2.103,0.71
2.104,0.72
2.105,0.74
2.106,0.79
2.107,0.67
2.108,0.77
2.109,0.87
2.11,1.00
2.111,1.00
2.112,1.18
2.113,1.15
2.114,1.19
2.115,1.18
2.116,1.02
2.117,1.03
2.118,1.08
2.119,1.11
2.12,1.17
2.121,1.32
2.122,1.43
2.123,1.53
2.124,1.53
2.125,1.48
2.126,1.43
2.127,1.57
2.128,1.75
2.129,1.90
2.13,2.11
2.131,2.20
2.132,2.25
2.133,2.26
2.134,2.30
2.135,2.24
2.136,2.13
2.137,2.22
2.138,2.31
2.139,2.28
2.14,2.10
2.141,1.84
2.142,1.57
2.143,1.35
2.144,1.09
2.145,0.75
2.146,0.65
2.147,0.51
2.148,0.50
2.149,0.52
2.15,0.38
2.151,0.29
2.152,0.01
2.153,-0.08
2.154,-0.20
2.155,-0.25
2.156,0.10
2.157,0.08
2.158,0.33
2.159,0.09
2.16,0.07
2.161,0.20
2.162,0.24
2.163,0.26
2.164,0.38
2.165,0.40
2.166,0.52
2.167,0.66
2.168,0.72
2.169,0.88
2.17,0.89
2.171,0.97
2.172,1.05
2.173,1.14
2.174,1.23
2.175,1.31
2.176,1.39
2.177,1.51
2.178,1.54
2.179,1.48
2.18,1.32
2.181,1.40
2.182,1.68
2.183,1.51
2.184,1.47
2.185,1.48
2.186,1.49
2.187,1.48
2.188,1.49
2.189,1.43
2.19,1.43
2.191,1.37
2.192,1.49
2.193,1.57
2.194,1.52
2.195,1.39
2.196,1.10
2.197,1.09
2.198,0.95
2.199,1.13
2.2,1.27
2.201,1.43
2.202,1.38
2.203,1.39
2.204,1.51
2.205,1.58
2.206,1.64
2.207,1.53
2.208,1.70
2.209,1.67
2.21,1.48
2.211,1.57
2.212,1.59
2.213,1.59
2.214,1.60
2.215,1.37
2.216,1.37
2.217,1.79
2.218,1.72
2.219,1.49
2.22,1.65
2.221,1.82
2.222,1.58
2.223,1.58
2.224,1.59
2.225,1.67
2.226,1.77
2.227,1.88
2.228,2.13
2.229,1.91
2.23,1.93
2.231,1.96
2.232,1.93
2.233,1.94
2.234,1.81
2.235,1.74
2.236,1.62
2.237,1.50
2.238,1.29
2.239,1.15
2.24,1.17
2.241,1.03
2.242,1.04
2.243,0.98
2.244,0.84
2.245,0.78
2.246,0.87
2.247,0.93
2.248,0.83
2.249,0.86
2.25,0.92
2.251,0.87
2.252,1.04
2.253,1.04
2.254,1.12
2.255,1.17
2.256,1.23
2.257,1.31
2.258,1.33
2.259,1.36
2.26,1.53
2.261,1.71
2.262,1.82
2.263,1.88
2.264,1.89
2.265,1.97
2.266,2.11
2.267,2.17
2.268,2.03
2.269,2.02
2.27,2.07
2.271,1.97
2.272,1.87
2.273,1.80
2.274,1.88
2.275,1.78
2.276,1.66
2.277,1.56
2.278,1.47
2.279,1.30
2.28,1.50
2.281,1.58
2.282,1.57
2.283,1.55
2.284,1.55
2.285,1.52
2.286,1.54
2.287,1.62
2.288,1.82
2.289,1.80
2.29,1.54
2.291,1.95
2.292,2.05
2.293,2.02
2.294,1.99
2.295,2.01
2.296,2.04
2.297,2.10
2.298,2.03
2.299,2.02
2.3,2.03
2.301,2.05
2.302,2.01
2.303,2.00
2.304,1.95
2.305,1.90
2.306,1.78
2.307,1.78
2.308,1.81
2.309,1.86
2.31,1.81
2.311,1.60
2.312,1.52
2.313,1.57
2.314,1.20
2.315,1.31
2.316,1.46
2.317,1.59
2.318,1.57
2.319,1.52
2.32,1.82
2.321,1.82
2.322,1.74
2.323,2.05
2.324,1.89
2.325,1.82
2.326,1.50
2.327,1.35
2.328,1.24
2.329,1.19
2.33,1.18
2.331,1.43
2.332,1.49
2.333,1.80
2.334,1.60
2.335,1.80
2.336,1.97
2.337,1.93
2.338,2.08
2.339,2.06
2.34,2.10
2.341,2.35
2.342,2.22
2.343,2.22
2.344,1.94
2.345,2.14
2.346,2.27
2.347,2.23
2.348,2.13
2.349,2.28
2.35,2.15
2.351,2.07
2.352,1.83
2.353,1.77
2.354,1.60
2.355,1.50
2.356,1.21
2.357,1.21
2.358,0.86
2.359,0.93
2.36,0.87
2.361,0.84
2.362,0.97
2.363,0.91
2.364,0.81
2.365,1.03
2.366,1.15
2.367,1.18
2.368,1.22
2.369,1.19
2.37,1.37
2.371,1.25
2.372,1.03
2.373,1.19
2.374,1.36
2.375,1.31
2.376,1.52
2.377,1.75
2.378,1.86
2.379,1.98
2.38,2.10
2.381,2.00
2.382,2.03
2.383,1.92
2.384,1.95
2.385,1.92
2.386,1.86
2.387,1.95
2.388,2.07
2.389,2.01
2.39,2.12
2.391,2.23
2.392,2.32
2.393,2.25
2.394,2.38
2.395,2.37
2.396,2.33
2.397,2.24
2.398,2.11
2.399,2.05
2.4,2.10
2.401,2.05
2.402,2.04
2.403,2.05
2.404,2.02
2.405,1.80
2.406,1.85
2.407,2.00
2.408,2.19
2.409,2.32
2.41,2.38
2.411,2.52
2.412,2.53
2.413,2.62
2.414,2.60
2.415,2.48
2.416,2.85
2.417,2.51
2.418,2.46
2.419,2.61
2.42,2.77
2.421,2.78
2.422,2.79
2.423,2.70
2.424,2.75
2.425,2.74
2.426,2.40
2.427,2.19
2.428,2.10
2.429,1.68
2.43,1.56
2.431,1.42
2.432,1.18
2.433,0.96
2.434,1.10
2.435,0.97
2.436,0.91
2.437,0.91
2.438,0.95
2.439,1.01
2.44,1.15
2.441,1.07
2.442,1.06
2.443,1.06
2.444,1.08
2.445,1.06
2.446,1.11
2.447,1.13
2.448,1.22
2.449,1.06
2.45,1.18
2.451,1.22
2.452,1.33
2.453,1.42
2.454,1.54
2.455,1.65
2.456,1.66
2.457,1.62
2.458,1.77
2.459,1.84
2.46,1.96
2.461,2.02
2.462,1.82
2.463,1.87
2.464,1.88
2.465,1.89
2.466,1.93
2.467,1.82
2.468,2.03
2.469,2.01
2.47,1.96
2.471,2.04
2.472,2.04
2.473,2.12
2.474,1.97
2.475,1.76
2.476,1.85
2.477,1.88
2.478,1.94
2.479,1.52
2.48,1.48
2.481,1.49
2.482,1.51
2.483,1.26
2.484,1.20
2.485,1.11
2.486,1.14
2.487,1.02
2.488,0.91
2.489,0.92
2.49,0.98
2.491,1.03
2.492,1.09
2.493,1.20
2.494,1.30
2.495,1.43
2.496,1.74
2.497,1.86
2.498,1.99
2.499,2.08
2.5,2.32
2.501,2.41
2.502,2.40
2.503,2.58
2.504,2.54
2.505,2.50
2.506,2.42
2.507,2.23
2.508,1.96
2.509,1.74
2.51,1.41
2.511,1.13
2.512,1.05
2.513,0.99
2.514,0.78
2.515,0.86
2.516,0.80
2.517,0.64
2.518,0.45
2.519,0.16
2.52,0.06
2.521,0.12
2.522,0.62
2.523,0.82
2.524,0.94
2.525,0.63
2.526,0.68
2.527,0.67
2.528,0.80
2.529,0.72
2.53,0.96
2.531,0.93
2.532,0.93
2.533,1.08
2.534,1.19
2.535,1.23
2.536,1.19
2.537,1.32
2.538,1.65
2.539,1.90
2.54,2.14
2.541,2.22
2.542,2.30
2.543,2.42
2.544,2.33
2.545,2.33
2.546,2.51
2.547,2.66
2.548,2.65
2.549,2.67
2.55,2.56
2.551,2.69
2.552,2.68
2.553,2.59
2.554,2.55
2.555,2.39
2.556,2.34
2.557,2.25
2.558,2.28
2.559,2.14
2.56,2.12
2.561,2.08
2.562,1.98
2.563,2.00
2.564,2.00
2.565,2.09
2.566,2.21
2.567,2.26
2.568,2.17
2.569,2.32
2.57,2.36
2.571,2.33
2.572,2.34
2.573,2.51
2.574,2.63
2.575,2.73
2.576,2.78
2.577,2.72
2.578,2.69
2.579,2.63
2.58,2.62
2.581,2.72
2.582,2.61
2.583,2.56
2.584,2.62
2.585,2.55
2.586,2.54
2.587,2.56
2.588,2.36
2.589,2.35
2.59,2.29
2.591,2.30
2.592,2.16
2.593,2.14
2.594,2.01
2.595,1.95
2.596,1.96
2.597,1.91
2.598,1.82
2.599,1.78
2.6,1.80
2.601,1.53
2.602,1.55
2.603,1.57
2.604,1.56
2.605,1.59
2.606,1.66
2.607,1.77
2.608,1.78
2.609,1.79
2.61,1.94
2.611,2.03
2.612,2.07
2.613,2.07
2.614,2.07
2.615,2.08
2.616,1.89
2.617,1.88
2.618,2.05
2.619,2.11
2.62,2.19
2.621,2.20
2.622,2.02
2.623,1.99
2.624,2.03
2.625,2.07
2.626,2.03
2.627,2.01
2.628,1.99
2.629,2.01
2.63,1.98
2.631,1.84
2.632,1.98
2.633,1.90
2.634,1.85
2.635,1.69
2.636,1.67
2.637,1.36
2.638,1.54
2.639,1.67
2.64,1.64
2.641,1.82
2.642,1.90
2.643,1.90
2.644,1.65
2.645,1.49
2.646,1.40
2.647,1.53
2.648,1.55
2.649,1.62
2.65,1.91
2.651,1.88
2.652,2.00
2.653,2.14
2.654,2.25
2.655,2.30
2.656,2.48
2.657,2.47
2.658,2.44
2.659,2.67
2.66,2.68
2.661,2.71
2.662,2.71
2.663,2.77
2.664,2.77
2.665,2.90
2.666,2.84
2.667,2.79
2.668,2.70
2.669,2.81
2.67,2.79
2.671,2.76
2.672,2.81
2.673,2.82
2.674,2.75
2.675,2.72
2.676,2.68
2.677,2.71
2.678,2.55
2.679,2.52
2.68,2.51
2.681,2.55
2.682,2.47
2.683,2.45
2.684,2.57
2.685,2.34
2.686,2.22
2.687,2.15
2.688,2.07
2.689,2.02
2.69,2.05
2.691,1.99
2.692,1.97
2.693,1.98
2.694,2.35
2.695,2.24
2.696,2.31
2.697,2.44
2.698,2.45
2.699,2.36
2.7,2.40
2.701,2.35
2.702,2.38
2.703,2.24
2.704,2.13
2.705,2.07
2.706,1.87
2.707,1.83
2.708,1.70
2.709,1.70
2.71,1.88
2.711,1.30
2.712,1.37
2.713,1.52
2.714,1.59
2.715,1.64
2.716,1.76
2.717,1.77
2.718,1.70
2.719,1.73
2.72,1.87
2.721,2.02
2.722,2.14
2.723,2.15
2.724,2.13
2.725,1.95
2.726,2.15
2.727,2.05
2.728,2.04
2.729,2.01
2.73,1.97
2.731,2.03
2.732,1.99
2.733,1.91
2.734,1.88
2.735,1.89
2.736,1.89
2.737,1.84
2.738,1.80
2.739,1.76
2.74,1.83
2.741,2.00
2.742,2.09
2.743,2.18
2.744,2.25
2.745,2.38
2.746,2.38
2.747,2.40
2.748,2.45
2.749,2.55
2.75,2.54
2.751,2.51
2.752,2.44
2.753,2.49
2.754,2.53
2.755,2.55
2.756,2.53
2.757,2.50
2.758,2.44
2.759,2.38
2.76,2.47
2.761,2.25
2.762,2.32
2.763,2.27
2.764,2.21
2.765,2.15
2.766,2.16
2.767,2.04
2.768,2.02
2.769,1.97
2.77,2.04
2.771,1.98
2.772,1.97
2.773,2.27
2.774,2.35
2.775,2.41
2.776,2.40
2.777,2.49
2.778,2.63
2.779,2.59
2.78,2.66
2.781,2.83
2.782,2.88
2.783,2.87
2.784,2.80
2.785,2.82
2.786,2.85
2.787,2.80
2.788,2.88
2.789,2.93
2.79,2.83
2.791,2.73
2.792,2.83
2.793,2.87
2.794,2.91
2.795,2.73
2.796,2.46
2.797,2.54
2.798,2.44
2.799,2.41
2.8,2.35
2.801,2.41
2.802,2.38
2.803,2.23
2.804,2.22
2.805,2.21
2.806,2.33
2.807,2.39
2.808,2.36
2.809,2.31
2.81,2.33
2.811,2.30
2.812,2.51
2.813,2.58
2.814,2.64
2.815,2.68
2.816,2.78
2.817,2.73
2.818,2.84
2.819,2.86
2.82,2.93
2.821,2.95
2.822,2.90
2.823,2.95
2.824,3.03
2.825,2.89
2.826,2.93
2.827,2.93
2.828,2.98
2.829,3.07
2.83,3.09
2.831,3.23
2.832,3.27
2.833,3.39
2.834,3.22
2.835,3.22
2.836,3.25
2.837,3.16
2.838,3.14
2.839,3.12
2.84,3.22
2.841,3.05
2.842,2.93
2.843,2.83
2.844,2.80
2.845,2.81
2.846,2.78
2.847,2.69
2.848,2.59
2.849,2.48
2.85,2.45
2.851,2.47
2.852,2.55
2.853,2.49
2.854,2.53
2.855,2.39
2.856,2.34
2.857,2.33
2.858,2.43
2.859,2.39
2.86,2.47
2.861,2.58
2.862,2.65
2.863,2.71
2.864,2.68
2.865,2.65
2.866,2.72
2.867,2.74
2.868,2.73
2.869,2.77
2.87,2.80
2.871,2.78
2.872,2.79
2.873,2.95
2.874,2.83
2.875,2.76
2.876,2.74
2.877,2.66
2.878,2.53
2.879,2.43
2.88,2.39
2.881,2.35
2.882,2.36
2.883,2.35
2.884,2.36
2.885,2.39
2.886,2.37
2.887,2.52
2.888,2.58
2.889,2.70
2.89,2.62
2.891,2.58
2.892,2.59
2.893,2.67
2.894,2.62
2.895,2.67
2.896,2.65
2.897,2.74
2.898,2.73
2.899,2.71
2.9,2.64
2.901,2.72
2.902,2.90
2.903,2.92
2.904,2.81
2.905,2.71
2.906,2.70
2.907,2.57
2.908,2.50
2.909,2.51
2.91,2.52
2.911,2.54
2.912,2.39
2.913,2.41
2.914,2.33
2.915,2.20
2.916,2.15
2.917,2.15
2.918,2.08
2.919,2.10
2.92,2.12
2.921,2.19
2.922,2.15
2.923,2.07
2.924,1.99
2.925,1.87
2.926,1.86
2.927,1.86
2.928,1.84
2.929,1.92
2.93,2.05
2.931,2.16
2.932,2.24
2.933,2.39
2.934,2.55
2.935,2.68
2.936,2.83
2.937,2.83
2.938,2.87
2.939,2.93
2.94,3.02
2.941,3.15
2.942,3.21
2.943,3.20
2.944,3.20
2.945,3.19
2.946,3.21
2.947,3.15
2.948,3.15
2.949,3.05
2.95,3.06
2.951,3.10
2.952,3.15
2.953,3.20
2.954,3.15
2.955,3.10
2.956,3.12
2.957,2.94
2.958,2.97
2.959,3.06
2.96,2.94
2.961,2.92
2.962,3.02
2.963,3.00
2.964,3.02
2.965,2.98
2.966,2.97
2.967,2.85
2.968,2.84
2.969,2.81
2.97,2.72
2.971,2.63
2.972,2.61
2.973,2.67
2.974,2.48
2.975,2.29
2.976,2.37
2.977,2.31
2.978,2.26
2.979,2.12
2.98,2.11
2.981,2.11
2.982,2.10
2.983,2.01
2.984,2.10
2.985,2.16
2.986,2.30
2.987,2.19
2.988,2.15
2.989,2.15
2.99,2.20
2.991,2.19
2.992,2.29
2.993,2.43
2.994,2.45
2.995,2.57
2.996,2.60
2.997,2.62
2.998,2.68
2.999,2.66
3,2.67
3.001,2.56
3.002,2.19
3.003,2.34
3.004,2.31
3.005,2.19
3.006,2.11
3.007,2.17
3.008,1.96
3.009,1.90
3.01,1.93
3.011,1.88
3.012,1.91
3.013,2.03
3.014,1.97
3.015,1.95
3.016,1.96
3.017,2.01
3.018,2.00
3.019,2.02
3.02,2.08
3.021,2.13
3.022,2.07
3.023,2.08
3.024,2.03
3.025,2.03
3.026,2.06
3.027,2.11
3.028,2.16
3.029,2.21
3.03,2.30
3.031,2.35
3.032,2.39
3.033,2.44
3.034,2.45
3.035,2.44
3.036,2.46
3.037,2.37
3.038,2.31
3.039,2.34
3.04,2.31
3.041,2.38
3.042,2.33
3.043,2.34
3.044,2.49
3.045,2.35
3.046,2.42
3.047,2.39
3.048,2.40
3.049,2.41
3.05,2.53
3.051,2.52
3.052,2.57
3.053,2.69
3.054,2.67
3.055,2.68
3.056,2.75
3.057,2.87
3.058,2.82
3.059,2.84
3.06,2.83
3.061,2.83
3.062,2.86
3.063,2.92
3.064,3.01
3.065,3.19
3.066,3.02
3.067,2.94
3.068,2.85
3.069,2.94
3.07,2.94
3.071,3.07
3.072,3.06
3.073,3.18
3.074,3.25
3.075,3.32
3.076,3.34
3.077,3.43
3.078,3.47
3.079,3.48
3.08,3.44
3.081,3.61
3.082,3.49
3.083,3.43
3.084,3.39
3.085,3.38
3.086,3.33
3.087,3.21
3.088,3.28
3.089,3.25
3.09,3.33
3.091,3.37
3.092,3.50
3.093,3.55
3.094,3.54
3.095,3.52
3.096,3.51
3.097,3.50
3.098,3.49
3.099,3.49
3.1,3.51
3.101,3.48
3.102,3.50
3.103,3.52
3.104,3.55
3.105,3.44
3.106,3.43
3.107,3.45
3.108,3.39
3.109,3.39
3.11,3.40
3.111,3.40
3.112,3.40
3.113,3.43
3.114,3.38
3.115,3.38
3.116,3.29
3.117,3.25
3.118,3.09
3.119,3.17
3.12,3.11
3.121,3.06
3.122,3.03
3.123,3.13
3.124,2.98
3.125,2.93
3.126,3.04
3.127,3.04
3.128,2.98
3.129,2.91
3.13,3.04
3.131,3.03
3.132,2.95
3.133,2.95
3.134,2.87
3.135,2.79
3.136,2.62
3.137,2.53
3.138,2.43
3.139,2.44
3.14,2.36
3.141,2.35
3.142,2.32
3.143,2.53
3.144,2.67
3.145,2.81
3.146,3.02
3.147,3.00
3.148,3.10
3.149,3.19
3.15,3.19
3.151,3.34
3.152,3.39
3.153,3.41
3.154,3.42
3.155,3.55
3.156,3.52
3.157,3.46
3.158,3.56
3.159,3.45
3.16,3.29
3.161,3.28
3.162,3.19
3.163,3.18
3.164,3.17
3.165,3.12
3.166,3.12
3.167,3.09
3.168,3.03
3.169,2.98
3.17,2.87
3.171,2.85
3.172,2.82
3.173,2.87
3.174,2.88
3.175,2.83
3.176,2.79
3.177,2.77
3.178,2.79
3.179,2.78
3.18,2.72
3.181,2.74
3.182,2.76
3.183,2.84
3.184,2.90
3.185,2.97
3.186,2.93
3.187,2.97
3.188,3.00
3.189,3.00
3.19,3.17
3.191,2.96
3.192,3.05
3.193,3.15
3.194,3.28
3.195,3.34
3.196,3.26
3.197,3.23
3.198,3.24
3.199,3.28
3.2,3.29
3.201,3.26
3.202,3.16
3.203,3.24
3.204,3.26
3.205,3.19
3.206,3.17
3.207,3.20
3.208,3.23
3.209,3.25
3.21,3.13
3.211,3.08
3.212,3.08
3.213,3.06
3.214,2.99
3.215,2.91
3.216,2.96
3.217,2.91
3.218,2.87
3.219,2.91
3.22,2.98
3.221,2.94
3.222,2.88
3.223,2.81
3.224,2.82
3.225,2.91
3.226,3.02
3.227,3.02
3.228,2.92
3.229,2.99
3.23,3.10
3.231,2.96
3.232,2.98
3.233,2.90
3.234,2.86
3.235,2.87
3.236,2.85
3.237,2.80
3.238,2.80
3.239,2.81
3.24,2.95
3.241,2.91
3.242,2.85
3.243,2.92
3.244,2.94
3.245,2.87
3.246,2.80
3.247,2.83
3.248,2.90
3.249,2.94
3.25,2.95
3.251,2.88
3.252,2.87
3.253,2.89
3.254,2.92
3.255,3.16
3.256,3.33
3.257,3.48
3.258,3.37
3.259,3.23
3.26,3.28
3.261,3.31
3.262,3.31
3.263,3.35
3.264,3.37
3.265,3.28
3.266,3.23
3.267,3.21
3.268,3.21
3.269,3.18
3.27,3.14
3.271,3.05
3.272,3.11
3.273,3.12
3.274,3.13
3.275,3.17
3.276,3.24
3.277,3.21
3.278,3.02
3.279,3.06
3.28,3.31
3.281,3.05
3.282,3.06
3.283,2.90
3.284,2.75
3.285,2.69
3.286,2.62
3.287,2.45
3.288,2.30
3.289,2.23
3.29,2.18
3.291,2.15
3.292,2.09
3.293,2.05
3.294,2.13
3.295,2.17
3.296,2.17
3.297,2.10
3.298,2.07
3.299,2.13
3.3,2.19
3.301,2.21
3.302,2.10
3.303,2.24
3.304,2.36
3.305,2.30
3.306,2.25
3.307,2.19
3.308,2.11
3.309,2.06
3.31,2.09
3.311,2.18
3.312,2.49
3.313,2.44
3.314,2.60
3.315,2.65
3.316,2.73
3.317,2.78
3.318,2.83
3.319,2.82
3.32,3.01
3.321,2.94
3.322,2.89
3.323,2.89
3.324,2.85
3.325,2.77
3.326,2.77
3.327,2.76
3.328,2.75
3.329,2.76
3.33,2.69
3.331,2.74
3.332,2.74
3.333,2.92
3.334,3.01
3.335,2.99
3.336,2.85
3.337,2.82
3.338,2.81
3.339,2.73
3.34,2.91
3.341,2.82
3.342,2.76
3.343,2.81
3.344,2.78
3.345,2.74
3.346,2.77
3.347,2.79
3.348,2.89
3.349,2.89
3.35,2.90
3.351,2.96
3.352,3.45
3.353,3.47
3.354,3.50
3.355,3.54
3.356,3.65
3.357,3.56
3.358,3.62
3.359,3.63
3.36,3.63
3.361,3.73
3.362,3.64
3.363,3.62
3.364,3.54
3.365,3.78
3.366,3.52
3.367,3.37
3.368,3.43
3.369,3.35
3.37,3.27
3.371,3.33
3.372,3.15
3.373,3.27
3.374,3.22
3.375,3.14
3.376,3.11
3.377,3.03
3.378,3.05
3.379,3.12
3.38,3.28
3.381,3.17
3.382,3.16
3.383,3.32
3.384,3.28
3.385,3.28
3.386,3.26
3.387,3.36
3.388,3.49
3.389,3.47
3.39,3.49
3.391,3.47
3.392,3.43
3.393,3.42
3.394,3.60
3.395,3.40
3.396,3.33
3.397,3.35
3.398,3.31
3.399,3.34
3.4,3.41
3.401,3.44
3.402,3.36
3.403,3.29
3.404,3.34
3.405,3.44
3.406,3.62
3.407,3.66
3.408,3.70
3.409,3.68
3.41,3.70
3.411,3.75
3.412,3.80
3.413,3.77
3.414,3.78
3.415,3.72
3.416,3.86
3.417,3.77
3.418,3.87
3.419,3.65
3.42,3.51
3.421,3.67
3.422,3.51
3.423,3.41
3.424,3.37
3.425,3.39
3.426,3.39
3.427,3.38
3.428,3.30
3.429,3.29
3.43,3.29
3.431,3.27
3.432,3.50
3.433,3.51
3.434,3.61
3.435,3.38
3.436,3.48
3.437,3.52
3.438,3.53
3.439,3.64
3.44,3.75
3.441,3.51
3.442,3.52
3.443,3.44
3.444,3.34
3.445,3.54
3.446,3.55
3.447,3.58
3.448,3.67
3.449,3.69
3.45,3.60
3.451,3.60
3.452,3.58
3.453,3.55
3.454,3.57
3.455,3.57
3.456,3.60
3.457,3.66
3.458,3.71
3.459,3.79
3.46,3.69
3.461,3.61
3.462,3.57
3.463,3.50
3.464,3.45
3.465,3.30
3.466,3.26
3.467,2.94
3.468,3.25
3.469,3.31
3.47,3.29
3.471,3.41
3.472,3.47
3.473,3.58
3.474,3.57
3.475,3.66
3.476,3.90
3.477,3.96
3.478,4.06
3.479,3.89
3.48,4.08
3.481,4.06
3.482,4.04
3.483,4.06
3.484,4.07
3.485,4.06
3.486,4.06
3.487,4.13
3.488,4.11
3.489,4.17
3.49,4.16
3.491,4.28
3.492,4.27
3.493,4.28
3.494,4.26
3.495,4.26
3.496,4.27
3.497,4.28
3.498,4.24
3.499,4.24
3.5,4.05
3.501,4.25
3.502,4.21
3.503,4.16
3.504,4.15
3.505,4.12
3.506,4.08
3.507,4.03
3.508,3.95
3.509,3.90
3.51,3.86
3.511,3.77
3.512,3.50
3.513,3.49
3.514,3.50
3.515,3.51
3.516,3.51
3.517,3.48
3.518,3.45
3.519,3.59
3.52,3.65
3.521,3.67
3.522,3.68
3.523,3.70
3.524,3.75
3.525,3.84
3.526,3.87
3.527,3.82
3.528,3.88
3.529,4.04
3.53,3.90
3.531,3.87
3.532,3.85
3.533,3.79
3.534,3.77
3.535,3.75
3.536,3.79
3.537,3.60
3.538,3.64
3.539,3.58
3.54,3.50
3.541,3.56
3.542,3.58
3.543,3.59
3.544,3.65
3.545,3.77
3.546,3.70
3.547,3.70
3.548,3.71
3.549,3.70
3.55,3.70
3.551,3.76
3.552,3.74
3.553,3.79
3.554,3.77
3.555,3.72
3.556,3.81
3.557,3.78
3.558,3.93
3.559,3.60
3.56,3.64
3.561,3.59
3.562,3.67
3.563,3.58
3.564,3.61
3.565,3.65
3.566,3.56
3.567,3.65
3.568,3.73
3.569,3.66
3.57,3.69
3.571,3.79
3.572,3.81
3.573,3.75
3.574,3.75
3.575,3.72
3.576,3.63
3.577,3.55
3.578,3.51
3.579,3.47
3.58,3.45
3.581,3.42
3.582,3.42
3.583,3.48
3.584,3.61
3.585,3.69
3.586,3.59
3.587,3.70
3.588,3.85
3.589,3.97
3.59,4.00
3.591,4.00
3.592,4.06
3.593,3.96
3.594,3.98
3.595,4.02
3.596,3.91
3.597,3.96
3.598,4.01
3.599,4.12
3.6,4.14
3.601,4.24
3.602,4.27
3.603,4.26
3.604,4.36
3.605,4.38
3.606,4.37
3.607,4.33
3.608,4.32
3.609,4.31
3.61,4.30
3.611,4.28
3.612,4.24
3.613,4.27
3.614,4.02
3.615,4.15
3.616,3.71
3.617,4.16
3.618,4.14
3.619,4.18
3.62,4.23
3.621,4.14
3.622,4.07
3.623,4.11
3.624,4.18
3.625,4.24
3.626,4.28
3.627,4.24
3.628,4.17
3.629,4.12
3.63,4.10
3.631,4.06
3.632,4.05
3.633,4.04
3.634,4.02
3.635,4.03
3.636,3.86
3.637,3.94
3.638,3.99
3.639,3.96
3.64,3.94
3.641,3.85
3.642,3.82
3.643,3.93
3.644,4.01
3.645,4.05
3.646,4.14
3.647,4.13
3.648,4.12
3.649,4.13
3.65,4.11
3.651,4.20
3.652,4.20
3.653,4.18
3.654,4.14
3.655,4.10
3.656,4.05
3.657,4.05
3.658,4.06
3.659,3.65
3.66,4.02
3.661,4.05
3.662,4.08
3.663,4.10
3.664,4.06
3.665,4.07
3.666,4.10
3.667,3.89
3.668,4.06
3.669,4.26
3.67,3.95
3.671,3.95
3.672,3.88
3.673,3.79
3.674,3.76
3.675,3.78
3.676,3.85
3.677,3.89
3.678,3.88
3.679,3.88
3.68,3.97
3.681,3.95
3.682,4.21
3.683,4.24
3.684,4.25
3.685,4.24
3.686,4.24
3.687,4.21
3.688,4.23
3.689,4.24
3.69,4.24
3.691,4.23
3.692,4.19
3.693,4.23
3.694,4.10
3.695,4.13
3.696,4.05
3.697,4.01
3.698,3.98
3.699,3.96
3.7,3.90
3.701,3.83
3.702,3.55
3.703,3.74
3.704,3.73
3.705,3.73
3.706,3.72
3.707,3.72
3.708,3.69
3.709,3.67
3.71,3.74
3.711,3.68
3.712,3.82
3.713,3.71
3.714,3.71
3.715,3.71
3.716,3.72
3.717,3.88
3.718,3.93
3.719,4.01
3.72,3.89
3.721,4.12
3.722,4.14
3.723,4.14
3.724,4.16
3.725,4.28
3.726,4.11
3.727,4.12
3.728,4.10
3.729,4.07
3.73,4.03
3.731,3.99
3.732,3.87
3.733,3.99
3.734,3.96
3.735,3.99
3.736,4.05
3.737,4.04
3.738,4.02
3.739,4.05
3.74,3.98
3.741,4.12
3.742,4.17
3.743,4.17
3.744,4.16
3.745,4.38
3.746,4.12
3.747,4.16
3.748,4.20
3.749,4.24
3.75,4.06
3.751,4.12
3.752,3.76
3.753,4.14
3.754,4.15
3.755,4.17
3.756,4.29
3.757,4.18
3.758,4.16
3.759,4.17
3.76,4.35
3.761,4.30
3.762,4.30
3.763,4.40
3.764,4.46
3.765,4.49
3.766,4.48
3.767,4.48
3.768,4.48
3.769,4.43
3.77,4.56
3.771,4.54
3.772,4.35
3.773,4.48
3.774,4.48
3.775,4.46
3.776,4.44
3.777,4.40
3.778,4.35
3.779,4.29
3.78,4.24
3.781,4.18
3.782,4.11
3.783,4.09
3.784,4.09
3.785,4.14
3.786,4.15
3.787,4.14
3.788,4.12
3.789,4.12
3.79,4.12
3.791,4.18
3.792,4.19
3.793,4.20
3.794,4.22
3.795,4.23
3.796,4.25
3.797,4.29
3.798,4.56
3.799,4.23
3.8,4.22
3.801,4.19
3.802,4.17
3.803,4.14
3.804,4.11
3.805,4.22
3.806,4.18
3.807,4.18
3.808,4.17
3.809,4.13
3.81,4.04
3.811,4.15
3.812,4.18
3.813,4.26
3.814,4.17
3.815,4.16
3.816,4.02
3.817,4.13
3.818,4.06
3.819,4.12
3.82,4.12
3.821,4.19
3.822,4.19
3.823,4.13
3.824,4.08
3.825,4.08
3.826,4.18
3.827,4.16
3.828,4.14
3.829,4.11
3.83,4.14
3.831,4.18
3.832,4.15
3.833,4.31
3.834,4.14
3.835,4.15
3.836,4.16
3.837,4.28
3.838,4.22
3.839,4.22
3.84,4.19
3.841,4.30
3.842,4.40
3.843,4.41
3.844,4.45
3.845,4.48
3.846,4.46
3.847,4.47
3.848,4.45
3.849,4.43
3.85,4.36
3.851,4.39
3.852,4.37
3.853,4.45
3.854,4.54
3.855,4.58
3.856,4.62
3.857,4.66
3.858,4.68
3.859,4.61
3.86,4.52
3.861,4.62
3.862,4.58
3.863,4.50
3.864,4.47
3.865,4.43
3.866,4.39
3.867,4.41
3.868,4.17
3.869,4.28
3.87,4.23
3.871,4.18
3.872,4.14
3.873,4.15
3.874,4.17
3.875,4.19
3.876,4.23
3.877,4.26
3.878,4.22
3.879,4.31
3.88,4.32
3.881,4.36
3.882,4.39
3.883,4.45
3.884,4.50
3.885,4.59
3.886,4.64
3.887,4.68
3.888,4.73
3.889,4.74
3.89,4.76
3.891,4.72
3.892,4.55
3.893,4.55
3.894,4.55
3.895,4.46
3.896,4.39
3.897,4.69
3.898,4.47
3.899,4.50
3.9,4.49
3.901,4.56
3.902,4.56
3.903,4.55
3.904,4.56
3.905,4.43
3.906,4.41
3.907,4.39
3.908,4.36
3.909,4.33
3.91,4.27
3.911,4.29
3.912,4.24
3.913,4.22
3.914,4.44
3.915,4.38
3.916,4.18
3.917,4.12
3.918,4.29
3.919,4.01
3.92,3.90
3.921,3.93
3.922,3.96
3.923,3.99
3.924,4.01
3.925,4.09
3.926,4.08
3.927,4.28
3.928,4.53
3.929,4.54
3.93,4.53
3.931,4.25
3.932,4.56
3.933,4.55
3.934,4.56
3.935,4.76
3.936,4.78
3.937,4.82
3.938,4.84
3.939,4.79
3.94,4.74
3.941,4.74
3.942,4.75
3.943,4.76
3.944,4.78
3.945,4.78
3.946,4.82
3.947,4.81
3.948,4.81
3.949,4.81
3.95,4.52
3.951,4.27
3.952,4.60
3.953,4.60
3.954,4.59
3.955,4.59
3.956,4.60
3.957,4.67
3.958,4.68
3.959,4.65
3.96,4.50
3.961,4.68
3.962,4.62
3.963,4.59
3.964,4.56
3.965,4.53
3.966,4.50
3.967,4.46
3.968,4.44
3.969,4.42
3.97,4.38
3.971,4.34
3.972,4.31
3.973,4.04
3.974,3.92
3.975,4.20
3.976,4.19
3.977,4.19
3.978,4.17
3.979,4.22
3.98,4.20
3.981,4.16
3.982,3.18
3.983,3.18
3.984,2.87
3.985,3.29
3.986,3.38
3.987,3.38
3.988,3.52
3.989,3.57
3.99,3.72
3.991,3.80
3.992,3.87
3.993,3.92
3.994,3.98
3.995,4.03
3.996,4.10
3.997,4.18
3.998,4.15
3.999,4.19
4,4.39
4.001,4.27
4.002,4.71
4.003,4.29
4.004,4.47
4.005,3.91
4.006,4.03
4.007,3.99
4.008,3.90
4.009,3.91
4.01,3.88
4.011,3.86
4.012,4.00
4.013,3.95
4.014,4.02
4.015,4.12
4.016,3.84
4.017,4.05
4.018,4.15
4.019,4.25
4.02,4.29
4.021,4.39
4.022,4.42
4.023,4.89
4.024,5.00
4.025,4.96
4.026,4.98
4.027,4.64
4.028,4.65
4.029,4.58
4.03,4.51
4.031,4.49
4.032,4.45
4.033,4.36
4.034,4.32
4.035,4.28
4.036,4.24
4.037,3.95
4.038,4.18
4.039,4.03
4.04,4.20
4.041,4.02
4.042,3.92
4.043,3.91
4.044,3.97
4.045,3.87
4.046,4.16
4.047,3.86
4.048,3.86
4.049,3.96
4.05,4.08
4.051,3.70
4.052,4.28
4.053,4.37
4.054,4.44
4.055,4.50
4.056,4.55
4.057,4.60
4.058,4.64
4.059,4.82
4.06,4.67
4.061,4.76
4.062,4.71
4.063,4.65
4.064,4.61
4.065,4.59
4.066,4.63
4.067,4.56
4.068,4.54
4.069,4.53
4.07,4.49
4.071,4.45
4.072,4.46
4.073,4.51
4.074,4.35
4.075,4.40
4.076,4.07
4.077,4.49
4.078,4.44
4.079,4.53
4.08,4.52
4.081,4.41
4.082,4.36
4.083,4.31
4.084,4.48
4.085,4.27
4.086,4.26
4.087,4.24
4.088,4.17
4.089,4.21
4.09,4.19
4.091,4.24
4.092,4.24
4.093,4.23
4.094,4.21
4.095,4.20
4.096,4.15
4.097,4.15
4.098,4.16
4.099,4.22
4.1,4.29
4.101,4.34
4.102,4.41
4.103,4.24
4.104,4.26
4.105,4.52
4.106,4.29
4.107,4.29
4.108,4.15
4.109,4.14
4.11,4.08
4.111,4.26
4.112,4.37
4.113,4.30
4.114,4.27
4.115,4.16
4.116,4.05
4.117,3.59
4.118,3.56
4.119,3.42
4.12,3.90
4.121,3.82
4.122,3.83
4.123,3.87
4.124,3.91
4.125,3.92
4.126,3.77
4.127,3.78
4.128,3.78
4.129,3.82
4.13,3.85
4.131,4.10
4.132,4.19
4.133,4.08
4.134,4.09
4.135,4.15
4.136,4.16
4.137,4.18
4.138,4.13
4.139,4.17
4.14,4.00
4.141,4.08
4.142,4.10
4.143,4.26
4.144,4.15
4.145,4.18
4.146,4.21
4.147,4.24
4.148,4.25
4.149,4.25
4.15,4.25
4.151,4.25
4.152,4.24
4.153,4.24
4.154,4.25
4.155,4.24
4.156,4.07
4.157,4.10
4.158,4.09
4.159,4.15
4.16,4.17
4.161,3.92
4.162,3.96
4.163,3.94
4.164,3.93
4.165,3.92
4.166,4.21
4.167,4.21
4.168,4.31
4.169,4.40
4.17,4.49
4.171,4.53
4.172,4.66
4.173,4.50
4.174,4.49
4.175,4.28
4.176,4.39
4.177,4.25
4.178,3.91
4.179,4.19
4.18,4.33
4.181,4.37
4.182,4.41
4.183,4.47
4.184,4.53
4.185,4.53
4.186,4.52
4.187,4.48
4.188,4.40
4.189,4.32
4.19,4.23
4.191,4.13
4.192,4.01
4.193,3.88
4.194,3.73
4.195,3.62
4.196,3.57
4.197,3.50
4.198,3.47
4.199,3.45
4.2,4.03
4.201,3.86
4.202,3.82
4.203,3.76
4.204,3.74
4.205,4.12
4.206,3.79
4.207,3.77
4.208,4.08
4.209,3.87
4.21,3.94
4.211,3.87
4.212,3.88
4.213,3.89
4.214,4.14
4.215,4.08
4.216,4.08
4.217,4.09
4.218,3.99
4.219,4.02
4.22,4.04
4.221,4.08
4.222,4.09
4.223,4.32
4.224,4.34
4.225,4.35
4.226,4.32
4.227,4.31
4.228,4.30
4.229,4.51
4.23,4.47
4.231,4.48
4.232,4.46
4.233,4.46
4.234,4.46
4.235,4.25
4.236,4.22
4.237,4.42
4.238,4.34
4.239,4.39
4.24,4.43
4.241,4.41
4.242,4.41
4.243,4.46
4.244,4.34
4.245,4.18
4.246,4.30
4.247,4.27
4.248,4.25
4.249,4.22
4.25,4.26
4.251,4.17
4.252,4.16
4.253,4.14
4.254,3.96
4.255,4.12
4.256,4.31
4.257,4.56
4.258,4.31
4.259,4.27
4.26,4.20
4.261,4.20
4.262,4.15
4.263,4.25
4.264,4.34
4.265,4.43
4.266,4.52
4.267,4.45
4.268,4.42
4.269,4.42
4.27,4.39
4.271,4.35
4.272,4.29
4.273,4.29
4.274,4.28
4.275,4.31
4.276,4.35
4.277,4.39
4.278,4.44
4.279,4.39
4.28,4.62
4.281,4.63
4.282,4.63
4.283,4.61
4.284,4.45
4.285,4.43
4.286,4.33
4.287,4.34
4.288,4.36
4.289,4.34
4.29,4.57
4.291,4.31
4.292,4.31
4.293,4.31
4.294,4.44
4.295,4.32
4.296,4.53
4.297,4.58
4.298,4.63
4.299,4.42
4.3,4.68
4.301,4.23
4.302,4.52
4.303,4.46
4.304,4.42
4.305,4.39
4.306,4.42
4.307,4.45
4.308,4.47
4.309,4.50
4.31,4.52
4.311,4.51
4.312,4.44
4.313,4.27
4.314,4.22
4.315,4.30
4.316,4.12
4.317,4.24
4.318,4.28
4.319,4.38
4.32,4.27
4.321,4.20
4.322,3.96
4.323,3.97
4.324,3.98
4.325,3.99
4.326,3.98
4.327,3.97
4.328,3.91
4.329,3.85
4.33,3.87
4.331,3.89
4.332,3.90
4.333,4.18
4.334,3.93
4.335,4.03
4.336,3.93
4.337,3.91
4.338,3.62
4.339,3.99
4.34,3.76
4.341,3.84
4.342,3.83
4.343,3.77
4.344,3.41
4.345,3.72
4.346,3.72
4.347,3.74
4.348,3.78
4.349,3.83
4.35,3.88
4.351,3.93
4.352,3.97
4.353,4.04
4.354,4.00
4.355,3.95
4.356,4.34
4.357,3.99
4.358,4.07
4.359,4.14
4.36,3.96
4.361,3.96
4.362,4.00
4.363,4.03
4.364,4.03
4.365,3.93
4.366,4.02
4.367,3.97
4.368,3.97
4.369,3.96
4.37,3.97
4.371,3.94
4.372,3.98
4.373,4.04
4.374,4.10
4.375,3.94
4.376,3.92
4.377,3.93
4.378,3.97
4.379,4.00
4.38,4.29
4.381,4.36
4.382,4.37
4.383,4.35
4.384,4.35
4.385,4.35
4.386,4.35
4.387,4.37
4.388,4.36
4.389,4.35
4.39,4.33
4.391,4.45
4.392,4.44
4.393,4.15
4.394,4.28
4.395,4.27
4.396,4.21
4.397,4.15
4.398,4.14
4.399,4.14
4.4,4.10
4.401,4.46
4.402,3.86
4.403,3.78
4.404,3.87
4.405,3.68
4.406,3.63
4.407,3.56
4.408,3.72
4.409,3.68
4.41,3.63
4.411,3.88
4.412,3.63
4.413,3.61
4.414,3.60
4.415,3.60
4.416,3.61
4.417,3.62
4.418,3.64
4.419,3.66
4.42,3.80
4.421,3.74
4.422,3.75
4.423,3.77
4.424,4.09
4.425,4.28
4.426,3.84
4.427,3.87
4.428,3.97
4.429,3.98
4.43,3.99
4.431,3.84
4.432,3.98
4.433,3.99
4.434,3.94
4.435,4.00
4.436,3.99
4.437,3.96
4.438,3.94
4.439,3.98
4.44,3.90
4.441,4.02
4.442,4.01
4.443,3.86
4.444,4.02
4.445,4.03
4.446,4.55
4.447,4.04
4.448,3.99
4.449,4.01
4.45,3.78
4.451,3.86
4.452,3.81
4.453,3.85
4.454,3.85
4.455,3.84
4.456,3.84
4.457,3.69
4.458,3.54
4.459,3.39
4.46,3.32
4.461,3.35
4.462,3.34
4.463,3.41
4.464,3.48
4.465,3.57
4.466,3.61
4.467,3.63
4.468,3.65
4.469,4.21
4.47,3.74
4.471,4.11
4.472,4.15
4.473,4.23
4.474,4.31
4.475,4.40
4.476,4.42
4.477,4.41
4.478,4.40
4.479,4.47
4.48,4.27
4.481,4.33
4.482,4.26
4.483,4.25
4.484,4.20
4.485,4.17
4.486,4.15
4.487,4.13
4.488,4.09
4.489,4.08
4.49,4.04
4.491,3.92
4.492,3.98
4.493,3.56
4.494,3.93
4.495,3.90
4.496,3.85
4.497,3.79
4.498,3.73
4.499,3.69
4.5,3.69