Age,RLI,sd
5000,0.8524,0.1769
4998,0.8612,0.1787
4996,0.8557,0.1776
4994,0.8576,0.178
4992,0.882,0.183
4990,0.8883,0.1843
4988,0.8636,0.1792
4986,0.7531,0.1563
4984,0.6498,0.1348
4982,0.5738,0.1191
4980,0.5236,0.1087
4978,0.4541,0.0942
4976,0.5105,0.1059
4974,0.5592,0.116
4972,0.5725,0.1188
4970,0.5826,0.1209
4968,0.6059,0.1257
4966,0.6263,0.13
4964,0.6527,0.1354
4962,0.6813,0.1414
4960,0.7153,0.1484
4958,0.7481,0.1552
4956,0.7678,0.1593
4954,0.7413,0.1538
4952,0.659,0.1368
4950,0.5932,0.1231
4948,0.5298,0.1099
4946,0.5227,0.1085
4944,0.5105,0.1059
4942,0.4874,0.1011
4940,0.4764,0.0989
4938,0.4756,0.0987
4936,0.4805,0.0997
4934,0.4962,0.103
4932,0.5404,0.1121
4930,0.6218,0.129
4928,0.7216,0.1497
4926,0.8252,0.1712
4924,0.8461,0.1756
4922,0.7903,0.164
4920,0.7454,0.1547
4918,0.7516,0.156
4916,0.7837,0.1626
4914,0.8016,0.1663
4912,0.8001,0.166
4910,0.7863,0.1632
4908,0.7281,0.1511
4906,0.6402,0.1329
4904,0.5593,0.1161
4902,0.4357,0.0922
4900,0.3644,0.0807
4898,0.3074,0.0755
4896,0.2518,0.0689
4894,0.2149,0.0645
4892,0.2204,0.0641
4890,0.2071,0.0617
4888,0.2333,0.0621
4886,0.2512,0.0617
4884,0.2966,0.0616
4882,0.4247,0.0881
4880,0.57,0.1184
4878,0.6557,0.1361
4876,0.7191,0.1492
4874,0.7653,0.1588
4872,0.763,0.1583
4870,0.7491,0.1555
4868,0.7143,0.1482
4866,0.6596,0.1369
4864,0.6164,0.1279
4862,0.5715,0.1186
4860,0.5021,0.1042
4858,0.4654,0.0966
4856,0.4505,0.0935
4854,0.3807,0.0827
4852,0.2953,0.0728
4850,0.2518,0.0687
4848,0.2337,0.0653
4846,0.2251,0.0625
4844,0.2583,0.062
4842,0.2976,0.062
4840,0.3839,0.0797
4838,0.4374,0.0908
4836,0.489,0.1015
4834,0.5606,0.1163
4832,0.6467,0.1342
4830,0.7394,0.1534
4828,0.79,0.1639
4826,0.7951,0.165
4824,0.7655,0.1589
4822,0.6737,0.1398
4820,0.596,0.1237
4818,0.4976,0.1033
4816,0.4103,0.0869
4814,0.3639,0.0795
4812,0.3481,0.076
4810,0.3658,0.0773
4808,0.3909,0.0811
4806,0.4439,0.0921
4804,0.4788,0.0994
4802,0.4922,0.1021
4800,0.5016,0.1041
4798,0.5219,0.1083
4796,0.5329,0.1106
4794,0.5469,0.1135
4792,0.5698,0.1182
4790,0.573,0.1189
4788,0.5629,0.1168
4786,0.5332,0.1106
4784,0.5145,0.1068
4782,0.5062,0.105
4780,0.486,0.1008
4778,0.4412,0.0915
4776,0.3678,0.0799
4774,0.3208,0.0715
4772,0.2994,0.0714
4770,0.2993,0.0702
4768,0.3394,0.0709
4766,0.4115,0.0854
4764,0.4736,0.0983
4762,0.5327,0.1105
4760,0.5905,0.1225
4758,0.6519,0.1353
4756,0.7102,0.1474
4754,0.7208,0.1496
4752,0.6547,0.1359
4750,0.5964,0.1238
4748,0.5484,0.1138
4746,0.5515,0.1144
4744,0.5651,0.1173
4742,0.5816,0.1207
4740,0.5784,0.12
4738,0.5334,0.1107
4736,0.4815,0.0999
4734,0.4402,0.0913
4732,0.3859,0.0824
4730,0.3722,0.0801
4728,0.3689,0.0793
4726,0.3877,0.0813
4724,0.4114,0.0854
4722,0.4664,0.0968
4720,0.5171,0.1073
4718,0.524,0.1087
4716,0.5106,0.1059
4714,0.5144,0.1068
4712,0.5429,0.1127
4710,0.592,0.1229
4708,0.594,0.1233
4706,0.5743,0.1192
4704,0.515,0.1069
4702,0.4613,0.0957
4700,0.4118,0.0859
4698,0.402,0.0836
4696,0.4008,0.0832
4694,0.3956,0.0824
4692,0.3838,0.0809
4690,0.3763,0.08
4688,0.3813,0.0803
4686,0.4171,0.0865
4684,0.4743,0.0984
4682,0.576,0.1196
4680,0.6699,0.139
4678,0.6959,0.1444
4676,0.6873,0.1426
4674,0.6893,0.143
4672,0.6976,0.1448
4670,0.7218,0.1498
4668,0.7028,0.1458
4666,0.6641,0.1378
4664,0.6542,0.1358
4662,0.6682,0.1387
4660,0.6697,0.139
4658,0.6021,0.1249
4656,0.4778,0.0991
4654,0.4028,0.0854
4652,0.4059,0.0843
4650,0.4224,0.0876
4648,0.4535,0.0942
4646,0.5167,0.1073
4644,0.5566,0.1155
4642,0.5661,0.1175
4640,0.5685,0.118
4638,0.5698,0.1182
4636,0.5709,0.1185
4634,0.5604,0.1163
4632,0.5347,0.111
4630,0.5143,0.1067
4628,0.5065,0.1051
4626,0.5038,0.1045
4624,0.4986,0.1035
4622,0.4766,0.0989
4620,0.4686,0.0972
4618,0.4634,0.0962
4616,0.4602,0.0955
4614,0.4434,0.092
4612,0.4187,0.0869
4610,0.3782,0.0807
4608,0.3929,0.0822
4606,0.403,0.0836
4604,0.4305,0.0894
4602,0.4623,0.096
4600,0.4941,0.1026
4598,0.5067,0.1052
4596,0.5046,0.1047
4594,0.5046,0.1047
4592,0.5051,0.1048
4590,0.4993,0.1036
4588,0.48,0.0996
4586,0.4462,0.0926
4584,0.4293,0.0891
4582,0.4125,0.0857
4580,0.4019,0.0838
4578,0.3917,0.082
4576,0.3816,0.0803
4574,0.3879,0.0809
4572,0.4309,0.0894
4570,0.4839,0.1004
4568,0.5129,0.1065
4566,0.5411,0.1123
4564,0.5489,0.1139
4562,0.5274,0.1094
4560,0.5191,0.1077
4558,0.5344,0.1109
4556,0.6049,0.1256
4554,0.6653,0.1381
4552,0.6816,0.1414
4550,0.7223,0.1499
4548,0.7733,0.1605
4546,0.8068,0.1674
4544,0.8129,0.1687
4542,0.8006,0.1661
4540,0.7497,0.1556
4538,0.6579,0.1365
4536,0.5781,0.12
4534,0.4906,0.1018
4532,0.4813,0.0999
4530,0.4835,0.1003
4528,0.4894,0.1016
4526,0.5028,0.1043
4524,0.5608,0.1164
4522,0.6963,0.1445
4520,0.798,0.1656
4518,0.7843,0.1628
4516,0.6928,0.1438
4514,0.6694,0.1389
4512,0.6727,0.1396
4510,0.6729,0.1396
4508,0.6467,0.1342
4506,0.5805,0.1205
4504,0.4955,0.1028
4502,0.4525,0.094
4500,0.4343,0.0902
4498,0.4208,0.0877
4496,0.4165,0.0865
4494,0.4168,0.0866
4492,0.4139,0.0859
4490,0.4279,0.0888
4488,0.4636,0.0962
4486,0.5301,0.1101
4484,0.5712,0.1186
4482,0.5783,0.12
4480,0.5802,0.1204
4478,0.6276,0.1302
4476,0.6818,0.1415
4474,0.7324,0.152
4472,0.7458,0.1548
4470,0.746,0.1548
4468,0.7449,0.1546
4466,0.7492,0.1555
4464,0.7495,0.1555
4462,0.7489,0.1554
4460,0.7448,0.1546
4458,0.7224,0.1499
4456,0.6792,0.1409
4454,0.6375,0.1323
4452,0.6033,0.1252
4450,0.5771,0.1197
4448,0.5598,0.1162
4446,0.6082,0.1262
4444,0.6562,0.1362
4442,0.6773,0.1406
4440,0.6875,0.1427
4438,0.6904,0.1433
4436,0.6897,0.1431
4434,0.6894,0.1431
4432,0.6915,0.1435
4430,0.6897,0.1431
4428,0.6849,0.1421
4426,0.6552,0.136
4424,0.6282,0.1304
4422,0.605,0.1256
4420,0.555,0.1152
4418,0.5083,0.1055
4416,0.4597,0.0954
4414,0.4321,0.0897
4412,0.4449,0.0923
4410,0.4583,0.0951
4408,0.4601,0.0955
4406,0.4538,0.0942
4404,0.4621,0.0959
4402,0.4811,0.0998
4400,0.5119,0.1062
4398,0.5401,0.1121
4396,0.5714,0.1186
4394,0.631,0.1309
4392,0.7042,0.1461
4390,0.7962,0.1652
4388,0.8414,0.1746
4386,0.8639,0.1793
4384,0.8576,0.178
4382,0.7763,0.1611
4380,0.7076,0.1468
4378,0.7033,0.146
4376,0.7186,0.1491
4374,0.7169,0.1488
4372,0.701,0.1455
4370,0.6734,0.1397
4368,0.6267,0.13
4366,0.5697,0.1182
4364,0.5064,0.1051
4362,0.4916,0.102
4360,0.503,0.1044
4358,0.5409,0.1122
4356,0.6212,0.1289
4354,0.6854,0.1422
4352,0.7454,0.1547
4350,0.7771,0.1613
4348,0.783,0.1625
4346,0.7819,0.1622
4344,0.7988,0.1658
4342,0.8495,0.1763
4340,0.8801,0.1826
4338,0.8903,0.1848
4336,0.8491,0.1762
4334,0.7797,0.1618
4332,0.708,0.1469
4330,0.6855,0.1422
4328,0.6955,0.1443
4326,0.765,0.1588
4324,0.7976,0.1655
4322,0.8029,0.1666
4320,0.8034,0.1667
4318,0.8037,0.1668
4316,0.8037,0.1668
4314,0.8021,0.1665
4312,0.7996,0.1659
4310,0.7982,0.1656
4308,0.7934,0.1646
4306,0.7827,0.1624
4304,0.7397,0.1535
4302,0.6621,0.1374
4300,0.6192,0.1285
4298,0.5845,0.1213
4296,0.5372,0.1115
4294,0.528,0.1096
4292,0.5146,0.1068
4290,0.5177,0.1074
4288,0.5322,0.1104
4286,0.5599,0.1162
4284,0.5895,0.1223
4282,0.6286,0.1304
4280,0.6352,0.1318
4278,0.5906,0.1226
4276,0.5403,0.1121
4274,0.5393,0.1119
4272,0.5842,0.1212
4270,0.6519,0.1353
4268,0.6567,0.1363
4266,0.6281,0.1303
4264,0.6123,0.1271
4262,0.612,0.127
4260,0.6021,0.1249
4258,0.5504,0.1142
4256,0.4952,0.1028
4254,0.479,0.0994
4252,0.4922,0.1021
4250,0.5026,0.1043
4248,0.4976,0.1033
4246,0.4851,0.1007
4244,0.4839,0.1004
4242,0.4882,0.1013
4240,0.4935,0.1024
4238,0.4979,0.1033
4236,0.5054,0.1049
4234,0.5298,0.1099
4232,0.5829,0.121
4230,0.6275,0.1302
4228,0.6273,0.1302
4226,0.5935,0.1232
4224,0.5672,0.1177
4222,0.558,0.1158
4220,0.5582,0.1158
4218,0.5873,0.1219
4216,0.6696,0.139
4214,0.6867,0.1425
4212,0.6458,0.134
4210,0.5659,0.1174
4208,0.5343,0.1109
4206,0.5217,0.1083
4204,0.4927,0.1022
4202,0.4674,0.097
4200,0.4538,0.0942
4198,0.4565,0.0947
4196,0.4707,0.0977
4194,0.4929,0.1023
4192,0.5248,0.1089
4190,0.5725,0.1188
4188,0.6449,0.1338
4186,0.695,0.1442
4184,0.7225,0.1499
4182,0.744,0.1544
4180,0.7378,0.1531
4178,0.7086,0.147
4176,0.6613,0.1372
4174,0.6217,0.129
4172,0.5627,0.1168
4170,0.5281,0.1096
4168,0.5252,0.109
4166,0.5197,0.1078
4164,0.5119,0.1062
4162,0.4775,0.0991
4160,0.441,0.0917
4158,0.3907,0.0839
4156,0.3889,0.0826
4154,0.3824,0.0811
4152,0.3805,0.0799
4150,0.3956,0.0821
4148,0.4286,0.0889
4146,0.473,0.0982
4144,0.5229,0.1086
4142,0.5561,0.1154
4140,0.5953,0.1235
4138,0.5939,0.1232
4136,0.5806,0.1205
4134,0.5895,0.1223
4132,0.6666,0.1383
4130,0.7233,0.1501
4128,0.7082,0.147
4126,0.641,0.133
4124,0.6074,0.1261
4122,0.5956,0.1236
4120,0.6101,0.1266
4118,0.63,0.1307
4116,0.6473,0.1343
4114,0.6692,0.1389
4112,0.6887,0.1429
4110,0.7001,0.1453
4108,0.7037,0.146
4106,0.7055,0.1464
4104,0.706,0.1465
4102,0.7162,0.1486
4100,0.7188,0.1492
4098,0.6649,0.138
4096,0.5829,0.121
4094,0.5018,0.1041
4092,0.489,0.1015
4090,0.4797,0.0995
4088,0.4828,0.1002
4086,0.4886,0.1014
4084,0.4954,0.1028
4082,0.4993,0.1036
4080,0.5013,0.104
4078,0.5014,0.1041
4076,0.5013,0.104
4074,0.4974,0.1032
4072,0.4884,0.1014
4070,0.4826,0.1001
4068,0.4886,0.1014
4066,0.5015,0.1041
4064,0.5025,0.1043
4062,0.4884,0.1013
4060,0.4698,0.0975
4058,0.4718,0.0979
4056,0.4765,0.0989
4054,0.4771,0.099
4052,0.4759,0.0988
4050,0.4699,0.0975
4048,0.442,0.0918
4046,0.4077,0.0866
4044,0.3518,0.0775
4042,0.3187,0.0725
4040,0.2977,0.071
4038,0.2926,0.0696
4036,0.307,0.0699
4034,0.3112,0.0696
4032,0.3159,0.0698
4030,0.3319,0.0696
4028,0.367,0.0762
4026,0.4164,0.0864
4024,0.437,0.0907
4022,0.444,0.0921
4020,0.4486,0.0932
4018,0.465,0.0965
4016,0.5134,0.1065
4014,0.5366,0.1114
4012,0.5384,0.1118
4010,0.5166,0.1073
4008,0.4665,0.0968
4006,0.406,0.0854
4004,0.3337,0.0779
4002,0.3075,0.0747
4000,0.2814,0.0722
3998,0.264,0.0704
3996,0.2307,0.0653
3994,0.2355,0.0645
3992,0.2328,0.0632
3990,0.2444,0.0622
3988,0.2754,0.0613
3986,0.3379,0.0701
3984,0.3843,0.0798
3982,0.3968,0.0824
3980,0.4067,0.0844
3978,0.4273,0.0887
3976,0.4559,0.0947
3974,0.4721,0.0981
3972,0.4847,0.1006
3970,0.496,0.1029
3968,0.5113,0.1062
3966,0.5376,0.1116
3964,0.5746,0.1192
3962,0.6142,0.1275
3960,0.6361,0.132
3958,0.6432,0.1335
3956,0.6444,0.1337
3954,0.6252,0.1297
3952,0.5739,0.1191
3950,0.521,0.1081
3948,0.5073,0.1053
3946,0.5058,0.105
3944,0.5097,0.1059
3942,0.5235,0.1087
3940,0.5543,0.1151
3938,0.631,0.1309
3936,0.7156,0.1485
3934,0.7764,0.1611
3932,0.775,0.1608
3930,0.7641,0.1586
3928,0.7578,0.1572
3926,0.7443,0.1545
3924,0.6843,0.142
3922,0.6058,0.1257
3920,0.525,0.1089
3918,0.4826,0.1001
3916,0.4741,0.0984
3914,0.4928,0.1023
3912,0.568,0.1179
3910,0.6601,0.137
3908,0.6834,0.1418
3906,0.6877,0.1427
3904,0.6874,0.1426
3902,0.6881,0.1428
3900,0.6748,0.14
3898,0.6096,0.1265
3896,0.5455,0.1132
3894,0.5444,0.113
3892,0.583,0.121
3890,0.647,0.1343
3888,0.6515,0.1352
3886,0.6338,0.1315
3884,0.5986,0.1242
3882,0.5586,0.1159
3880,0.5126,0.1064
3878,0.4249,0.09
3876,0.2993,0.0747
3874,0.2722,0.0718
3872,0.2656,0.0683
3870,0.2904,0.0686
3868,0.2898,0.0686
3866,0.2966,0.0691
3864,0.3349,0.0695
3862,0.4516,0.0937
3860,0.606,0.1258
3858,0.6684,0.1387
3856,0.7143,0.1482
3854,0.7326,0.152
3852,0.7318,0.1519
3850,0.7295,0.1514
3848,0.7254,0.1505
3846,0.7215,0.1497
3844,0.7188,0.1492
3842,0.7178,0.149
3840,0.7098,0.1473
3838,0.6583,0.1366
3836,0.5809,0.1205
3834,0.4472,0.0946
3832,0.3502,0.0759
3830,0.2628,0.0695
3828,0.2353,0.0655
3826,0.2504,0.0654
3824,0.2729,0.0638
3822,0.3371,0.07
3820,0.4214,0.0874
3818,0.4626,0.096
3816,0.4756,0.0987
3814,0.4798,0.0996
3812,0.4746,0.0985
3810,0.4588,0.0952
3808,0.4396,0.0912
3806,0.4214,0.0874
3804,0.4219,0.0875
3802,0.4324,0.0897
3800,0.4358,0.0904
3798,0.4083,0.0847
3796,0.3577,0.0764
3794,0.3402,0.0747
3792,0.3517,0.0731
3790,0.3985,0.0828
3788,0.4377,0.0908
3786,0.4687,0.0973
3784,0.4755,0.0987
3782,0.4639,0.0963
3780,0.4466,0.0927
3778,0.4396,0.0912
3776,0.4337,0.09
3774,0.4301,0.0892
3772,0.4282,0.0889
3770,0.4315,0.0896
3768,0.4685,0.0972
3766,0.568,0.1179
3764,0.6155,0.1277
3762,0.6218,0.129
3760,0.6097,0.1265
3758,0.5871,0.1218
3756,0.5468,0.1135
3754,0.5043,0.1046
3752,0.4703,0.0976
3750,0.4358,0.0905
3748,0.3934,0.0829
3746,0.3648,0.0784
3744,0.3695,0.0778
3742,0.4326,0.0898
3740,0.5115,0.1061
3738,0.5673,0.1178
3736,0.5748,0.1193
3734,0.5766,0.1197
3732,0.5505,0.1142
3730,0.5393,0.1119
3728,0.5801,0.1204
3726,0.6788,0.1409
3724,0.7283,0.1511
3722,0.6941,0.144
3720,0.6049,0.1255
3718,0.4544,0.0961
3716,0.3078,0.0713
3714,0.2136,0.0652
3712,0.2034,0.0635
3710,0.2096,0.0625
3708,0.2289,0.0602
3706,0.2577,0.0583
3704,0.3045,0.0632
3702,0.3518,0.073
3700,0.3775,0.0784
3698,0.3993,0.0829
3696,0.425,0.0882
3694,0.4655,0.0966
3692,0.5132,0.1065
3690,0.5549,0.1152
3688,0.5574,0.1157
3686,0.5371,0.1115
3684,0.5058,0.105
3682,0.4781,0.0992
3680,0.4411,0.0916
3678,0.3609,0.0776
3676,0.2888,0.0721
3674,0.2258,0.0658
3672,0.1559,0.0627
3670,0.0658,0.0516
3668,0.0044,0.0531
3666,0.0142,0.0492
3664,0.0442,0.0424
3662,0.085,0.0381
3660,0.1338,0.0392
3658,0.1665,0.0388
3656,0.1898,0.0402
3654,0.2625,0.0546
3652,0.367,0.0762
3650,0.4575,0.0949
3648,0.5172,0.1074
3646,0.517,0.1073
3644,0.4965,0.1031
3642,0.4722,0.098
3640,0.4275,0.0887
3638,0.3385,0.0736
3636,0.2557,0.0675
3634,0.1705,0.0567
3632,0.0811,0.0539
3630,0.0634,0.0532
3628,0.0612,0.051
3626,0.0572,0.0452
3624,0.0751,0.0405
3622,0.1051,0.0392
3620,0.1546,0.0419
3618,0.2212,0.046
3616,0.31,0.0643
3614,0.3768,0.0783
3612,0.463,0.0962
3610,0.5228,0.1086
3608,0.4931,0.1024
3606,0.4476,0.0929
3604,0.439,0.0911
3602,0.4521,0.0938
3600,0.4686,0.0972
3598,0.4722,0.098
3596,0.4732,0.0982
3594,0.4493,0.0933
3592,0.4081,0.0847
3590,0.3628,0.0766
3588,0.3114,0.0718
3586,0.3034,0.0703
3584,0.3015,0.0698
3582,0.3159,0.071
3580,0.3172,0.0699
3578,0.3656,0.0759
3576,0.4788,0.0994
3574,0.5739,0.1192
3572,0.6059,0.1257
3570,0.6277,0.1303
3568,0.5969,0.1239
3566,0.4983,0.1034
3564,0.4493,0.0932
3562,0.399,0.0828
3560,0.3764,0.0784
3558,0.3659,0.0766
3556,0.3632,0.0759
3554,0.3615,0.0756
3552,0.3622,0.0757
3550,0.3698,0.0767
3548,0.3963,0.0822
3546,0.4295,0.0892
3544,0.4695,0.0974
3542,0.5128,0.1064
3540,0.5334,0.1107
3538,0.5399,0.112
3536,0.5001,0.1038
3534,0.4676,0.097
3532,0.4179,0.0867
3530,0.388,0.0821
3528,0.3515,0.0765
3526,0.339,0.074
3524,0.3365,0.0731
3522,0.3531,0.074
3520,0.3633,0.0754
3518,0.3819,0.0792
3516,0.3983,0.0826
3514,0.4171,0.0866
3512,0.446,0.0926
3510,0.4737,0.0983
3508,0.4881,0.1013
3506,0.5038,0.1045
3504,0.5149,0.1068
3502,0.5311,0.1102
3500,0.5338,0.1108
3498,0.5046,0.1047
3496,0.4681,0.0972
3494,0.464,0.0963
3492,0.4752,0.0986
3490,0.4955,0.1028
3488,0.4986,0.1035
3486,0.4983,0.1034
3484,0.51,0.1058
3482,0.5685,0.118
3480,0.6256,0.1298
3478,0.6284,0.1304
3476,0.6211,0.1289
3474,0.5707,0.1184
3472,0.4843,0.1005
3470,0.414,0.0859
3468,0.3372,0.074
3466,0.3051,0.0716
3464,0.2924,0.0712
3462,0.3096,0.0689
3460,0.3466,0.0719
3458,0.3872,0.0803
3456,0.404,0.0838
3454,0.4091,0.0849
3452,0.3993,0.0829
3450,0.3874,0.0804
3448,0.3918,0.0813
3446,0.4058,0.0842
3444,0.4424,0.0918
3442,0.4993,0.1036
3440,0.5667,0.1176
3438,0.6016,0.1248
3436,0.6127,0.1271
3434,0.5762,0.1196
3432,0.4797,0.0995
3430,0.4133,0.0858
3428,0.3425,0.0745
3426,0.2985,0.0693
3424,0.3041,0.0709
3422,0.3142,0.0699
3420,0.3388,0.0703
3418,0.3849,0.0799
3416,0.4326,0.0898
3414,0.4455,0.0925
3412,0.432,0.0896
3410,0.4123,0.0856
3408,0.3952,0.082
3406,0.373,0.0774
3404,0.3648,0.0757
3402,0.3576,0.0742
3400,0.3564,0.074
3398,0.3588,0.0745
3396,0.3683,0.0764
3394,0.3652,0.0758
3392,0.353,0.0732
3390,0.3164,0.0687
3388,0.2865,0.066
3386,0.2463,0.065
3384,0.2319,0.0628
3382,0.1795,0.0569
3380,0.1027,0.0466
3378,0.0843,0.0484
3376,0.0849,0.0471
3374,0.1004,0.0442
3372,0.1441,0.0433
3370,0.1909,0.0438
3368,0.2294,0.0477
3366,0.2499,0.0518
3364,0.2555,0.053
3362,0.252,0.0529
3360,0.2398,0.0529
3358,0.196,0.0478
3356,0.1895,0.0469
3354,0.1853,0.0463
3352,0.2009,0.0475
3350,0.1982,0.047
3348,0.1814,0.0462
3346,0.1481,0.0451
3344,0.1142,0.0473
3342,0.0578,0.0496
3340,0.0562,0.0489
3338,0.0664,0.0449
3336,0.0952,0.0403
3334,0.1194,0.04
3332,0.1301,0.0406
3330,0.1424,0.0424
3328,0.1494,0.0437
3326,0.1529,0.0441
3324,0.1682,0.0444
3322,0.2126,0.0449
3320,0.2441,0.0506
3318,0.2387,0.0501
3316,0.1776,0.0451
3314,0.1467,0.0437
3312,0.1099,0.0412
3310,0.0794,0.0485
3308,0.059,0.0504
3306,0.0372,0.0525
3304,-0.0143,0.0591
3302,-0.1284,0.0665
3300,-0.4302,0.1088
3298,-0.9326,0.1952
3296,-1.0285,0.2134
3294,-1.0563,0.2192
3292,-1.0075,0.2091
3290,-0.9042,0.1876
3288,-0.7714,0.1601
3286,-0.521,0.1096
3284,-0.3523,0.076
3282,-0.241,0.0533
3280,-0.1691,0.0378
3278,-0.1377,0.0303
3276,-0.139,0.0306
3274,-0.1322,0.0315
3272,-0.1235,0.0313
3270,-0.1104,0.0301
3268,-0.1072,0.0303
3266,-0.1139,0.031
3264,-0.1268,0.0315
3262,-0.0827,0.0232
3260,-0.0166,0.0167
3258,0.0161,0.0138
3256,0.0343,0.0138
3254,0.0682,0.0156
3252,0.2027,0.0421
3250,0.3206,0.0665
3248,0.3699,0.0768
3246,0.3839,0.0797
3244,0.3867,0.0802
3242,0.3935,0.0817
3240,0.3814,0.0791
3238,0.3286,0.0682
3236,0.2493,0.054
3234,0.2011,0.0508
3232,0.214,0.0503
3230,0.2232,0.0505
3228,0.22,0.0506
3226,0.2115,0.05
3224,0.2056,0.0488
3222,0.2099,0.0478
3220,0.2187,0.0468
3218,0.2157,0.0472
3216,0.2078,0.0478
3214,0.2137,0.0469
3212,0.2824,0.0586
3210,0.359,0.0745
3208,0.4166,0.0865
3206,0.4386,0.0911
3204,0.4494,0.0933
3202,0.4491,0.0933
3200,0.4399,0.0913
3198,0.4246,0.0881
3196,0.412,0.0855
3194,0.418,0.0867
3192,0.451,0.0937
3190,0.472,0.098
3188,0.46,0.0954
3186,0.4168,0.0865
3184,0.3822,0.0793
3182,0.3529,0.0732
3180,0.3263,0.069
3178,0.3145,0.067
3176,0.2904,0.0661
3174,0.2882,0.0656
3172,0.2913,0.0654
3170,0.3056,0.0644
3168,0.3341,0.0693
3166,0.3876,0.0804
3164,0.4133,0.0858
3162,0.4301,0.0892
3160,0.4461,0.0926
3158,0.4712,0.0978
3156,0.4893,0.1015
3154,0.467,0.0969
3152,0.4076,0.0846
3150,0.3441,0.0737
3148,0.2377,0.0647
3146,0.1601,0.0541
3144,0.0662,0.0432
3142,-0.0229,0.0376
3140,-0.0463,0.038
3138,-0.0663,0.0384
3136,-0.0574,0.0426
3134,-0.0565,0.0427
3132,-0.0489,0.0411
3130,-0.0389,0.0392
3128,-0.0344,0.0373
3126,-0.0585,0.0369
3124,-0.0338,0.0325
3122,-0.0191,0.036
3120,0.003,0.0338
3118,0.0161,0.0329
3116,0.0448,0.0304
3114,0.0683,0.0289
3112,0.1008,0.0264
3110,0.1423,0.0302
3108,0.2042,0.0424
3106,0.2809,0.0583
3104,0.3111,0.0646
3102,0.3245,0.0673
3100,0.3255,0.0676
3098,0.3068,0.0637
3096,0.2763,0.0573
3094,0.2222,0.0495
3092,0.2131,0.0478
3090,0.2364,0.0493
3088,0.299,0.0621
3086,0.4072,0.0845
3084,0.4683,0.0972
3082,0.44,0.0914
3080,0.4135,0.0858
3078,0.4063,0.0843
3076,0.4044,0.0839
3074,0.404,0.0838
3072,0.4029,0.0836
3070,0.4054,0.0841
3068,0.409,0.0849
3066,0.4163,0.0864
3064,0.4333,0.0899
3062,0.4618,0.0958
3060,0.4718,0.0979
3058,0.4423,0.0918
3056,0.3788,0.0786
3054,0.3015,0.0671
3052,0.1971,0.0587
3050,0.1364,0.0479
3048,0.0488,0.037
3046,0.0466,0.0345
3044,0.0647,0.0345
3042,0.0766,0.0327
3040,0.1039,0.0336
3038,0.1383,0.0356
3036,0.2125,0.0441
3034,0.2581,0.0536
3032,0.2674,0.0555
3030,0.2498,0.0518
3028,0.1652,0.0421
3026,0.1143,0.039
3024,0.0244,0.0419
3022,-0.0226,0.0473
3020,-0.0506,0.0512
3018,-0.0665,0.0538
3016,-0.072,0.0537
3014,-0.0745,0.0521
3012,-0.0907,0.052
3010,-0.1211,0.0462
3008,-0.1287,0.0454
3006,-0.1593,0.0421
3004,-0.1508,0.0368
3002,-0.14,0.0322
3000,-0.1158,0.0277
2998,0.0733,0.0359
2996,0.102,0.0357
2994,0.1156,0.0372
2992,0.1216,0.0384
2990,0.1328,0.0382
2988,0.1651,0.0367
2986,0.2169,0.045
2984,0.1944,0.0412
2982,0.1104,0.0478
2980,0.0211,0.0555
2978,-0.0086,0.0539
2976,-0.0063,0.0521
2974,0.0042,0.0487
2972,0.0362,0.0427
2970,0.0445,0.0419
2968,0.0458,0.0423
2966,0.0788,0.0372
2964,0.1264,0.0328
2962,0.1663,0.0354
2960,0.1819,0.0382
2958,0.1697,0.0359
2956,0.1697,0.0359
2954,0.3182,0.066
2952,0.5234,0.1087
2950,0.572,0.1188
2948,0.5192,0.1078
2946,0.5253,0.1091
2944,0.5586,0.116
2942,0.5315,0.1104
2940,0.4309,0.0894
2938,0.3287,0.0724
2936,0.2285,0.0643
2934,0.0935,0.055
2932,-0.04,0.06
2930,-0.066,0.0614
2928,-0.0204,0.0525
2926,-0.0397,0.0554
2924,-0.0763,0.0614
2922,-0.0927,0.0632
2920,-0.1087,0.0633
2918,-0.1028,0.0619
2916,-0.112,0.0618
2914,-0.0653,0.0539
2912,-0.024,0.0454
2910,0.0338,0.038
2908,0.0355,0.0393
2906,0.0331,0.0408
2904,0.0474,0.0388
2902,0.0656,0.0375
2900,0.095,0.0342
2898,0.1106,0.0338
2896,0.1,0.0365
2894,0.0563,0.0407
2892,0.0057,0.0488
2890,-0.0501,0.0558
2888,-0.0657,0.0572
2886,-0.0797,0.0582
2884,-0.0907,0.0582
2882,-0.0679,0.0547
2880,-0.0601,0.0537
2878,-0.0472,0.0515
2876,0.0042,0.0424
2874,0.0591,0.0349
2872,0.0723,0.0355
2870,0.0593,0.0391
2868,0.0442,0.0418
2866,0.0206,0.0441
2864,0.0257,0.0427
2862,0.0674,0.0361
2860,0.0763,0.0354
2858,0.0505,0.0403
2856,0.001,0.0484
2854,-0.0153,0.0498
2852,-0.0168,0.0492
2850,-0.0361,0.0505
2848,-0.0383,0.0506
2846,-0.0482,0.0504
2844,-0.0302,0.048
2842,-0.0211,0.0463
2840,-0.0028,0.0439
2838,0.0422,0.0372
2836,0.0864,0.0324
2834,0.1531,0.0327
2832,0.1924,0.0404
2830,0.2017,0.0423
2828,0.2093,0.0439
2826,0.2099,0.044
2824,0.1722,0.0437
2822,0.124,0.0489
2820,0.0501,0.0517
2818,-0.0096,0.0569
2816,-0.1158,0.0667
2814,-0.2926,0.0936
2812,-0.5443,0.1295
2810,-0.6833,0.145
2808,-0.8767,0.1819
2806,-1.0126,0.2101
2804,-1.0529,0.2185
2802,-0.9464,0.1964
2800,-0.7482,0.1553
2798,-0.4434,0.0935
2796,-0.3593,0.0772
2794,-0.2642,0.058
2792,-0.1533,0.0354
2790,-0.0528,0.0193
2788,-0.0237,0.0165
2786,-0.0107,0.0145
2784,0.0186,0.0117
2782,0.0417,0.0127
2780,0.0425,0.0137
2778,0.0268,0.0175
2776,0.0056,0.0198
2774,-0.0046,0.0206
2772,0.0093,0.0176
2770,0.0427,0.0127
2768,0.0623,0.0136
2766,0.0238,0.0162
2764,0.007,0.0191
2762,0.0021,0.02
2760,0.0185,0.0168
2758,0.0344,0.0154
2756,0.0446,0.0139
2754,0.044,0.0152
2752,0.0484,0.0152
2750,0.087,0.0188
2748,0.1639,0.034
2746,0.189,0.0392
2744,0.2142,0.0445
2742,0.228,0.0473
2740,0.2219,0.0461
2738,0.1936,0.0402
2736,0.1531,0.0343
2734,0.0506,0.0318
2732,-0.0415,0.0421
2730,-0.1054,0.049
2728,-0.2134,0.065
2726,-0.3439,0.0863
2724,-0.5641,0.1206
2722,-1.2487,0.2591
2720,-1.3212,0.2742
2718,-1.3609,0.2824
2716,-1.3837,0.2871
2714,-1.3456,0.2792
2712,-1.1918,0.2473
2710,-1.0952,0.2273
2708,-1.0632,0.2206
2706,-1.0421,0.2163
2704,-0.95,0.1971
2702,-0.6459,0.134
2700,-0.6104,0.1267
2698,-0.6991,0.1451
2696,-0.7507,0.1558
2694,-0.7462,0.1548
2692,-0.7456,0.1547
2690,-0.7972,0.1654
2688,-0.8897,0.1846
2686,-0.8,0.166
2684,-0.7179,0.149
2682,-0.565,0.1172
2680,-0.3874,0.0804
2678,-0.2645,0.0552
2676,-0.1421,0.0302
2674,-0.0441,0.0098
2672,0.0147,0.0091
2670,0.0335,0.0146
2668,0.028,0.0177
2666,0.0283,0.0191
2664,0.063,0.0163
2662,0.1133,0.0244
2660,0.1079,0.0243
2658,0.0877,0.0265
2656,0.0579,0.0295
2654,-0.0495,0.0342
2652,-0.1232,0.036
2650,-0.2922,0.0606
2648,-0.7748,0.1608
2646,-1.1813,0.2451
2644,-1.2625,0.262
2642,-1.1567,0.24
2640,-1,0.2075
2638,-0.8278,0.1718
2636,-0.5061,0.105
2634,-0.4326,0.0898
2632,-0.3249,0.0677
2630,-0.2008,0.0421
2628,-0.1183,0.0247
2626,-0.129,0.0268
2624,-0.1261,0.0262
2622,-0.0978,0.0203
2620,-0.0998,0.0213
2618,-0.1524,0.0327
2616,-0.2004,0.0431
2614,-0.2616,0.0557
2612,-0.3288,0.0694
2610,-0.4631,0.0961
2608,-0.9308,0.1932
2606,-1.3731,0.2849
2604,-1.3832,0.287
2602,-1.4261,0.2959
2600,-1.4137,0.2934
2598,-1.2732,0.2642
2596,-0.9291,0.1928
2594,-0.4692,0.0974
2592,-0.3626,0.0753
2590,-0.297,0.0621
2588,-0.1915,0.0412
2586,-0.0316,0.0101
2584,0.0133,0.0107
2582,0.0041,0.0181
2580,-0.0013,0.019
2578,-0.0269,0.0212
2576,-0.0789,0.0276
2574,-0.1555,0.0362
2572,-0.1526,0.0356
2570,-0.163,0.0375
2568,-0.1951,0.0428
2566,-0.2537,0.0543
2564,-0.2717,0.0571
2562,-0.2224,0.0463
2560,-0.207,0.0431
2558,-0.204,0.0424
2556,-0.2157,0.0448
2554,-0.1912,0.0397
2552,-0.1142,0.0252
2550,-0.0334,0.0147
2548,-0.0006,0.012
2546,-0.0053,0.0136
2544,-0.0352,0.0194
2542,-0.1316,0.0366
2540,-0.3134,0.0657
2538,-0.6978,0.1448
2536,-1.0713,0.2223
2534,-1.3001,0.2698
2532,-1.5443,0.3205
2530,-1.6698,0.3465
2528,-1.8145,0.3765
2526,-2.0565,0.4267
2524,-2.0604,0.4276
2522,-2.0274,0.4207
2520,-2.0595,0.4274
2518,-1.9908,0.4131
2516,-1.7129,0.3555
2514,-1.4732,0.3057
2512,-1.3328,0.2766
2510,-1.1403,0.2366
2508,-0.6758,0.1402
2506,-0.3859,0.0801
2504,-0.2973,0.0617
2502,-0.1889,0.0392
2500,-0.0985,0.0208
2498,-0.1228,0.0255
2496,-0.2671,0.0554
2494,-0.3774,0.0783
2492,-0.7747,0.1608
2490,-2.2587,0.4687
2488,-2.5678,0.5329
2486,-2.5812,0.5356
2484,-2.1596,0.4481
2482,-1.7345,0.3599
2480,-1.3711,0.2845
2478,-1.1437,0.2373
2476,-0.7821,0.1623
2474,-0.5871,0.1218
2472,-0.3563,0.0739
2470,-0.249,0.0517
2468,-0.1793,0.0372
2466,-0.1334,0.0277
2464,-0.0914,0.019
2462,-0.0792,0.0172
2460,-0.1041,0.0225
2458,-0.1382,0.0295
2456,-0.1728,0.0363
2454,-0.3145,0.0653
2452,-0.6479,0.1344
2450,-1.1105,0.2304
2448,-1.4288,0.2965
2446,-1.6935,0.3514
2444,-1.7823,0.3699
2442,-1.7895,0.3713
2440,-1.8255,0.3788
2438,-1.9284,0.4002
2436,-1.9833,0.4116
2434,-2.0266,0.4205
2432,-1.9489,0.4044
2430,-1.6466,0.3417
2428,-1.2499,0.2594
2426,-0.7236,0.1502
2424,-0.4834,0.1003
2422,-0.3795,0.0787
2420,-0.2919,0.0606
2418,-0.2068,0.0429
2416,-0.1772,0.0368
2414,-0.1845,0.0383
2412,-0.1988,0.0412
2410,-0.1928,0.04
2408,-0.2303,0.0478
2406,-0.4474,0.0928
2404,-0.6879,0.1427
2402,-0.6788,0.1409
2400,-0.5697,0.1182
2398,-0.5205,0.108
2396,-0.4494,0.0933
2394,-0.4576,0.095
2392,-0.4891,0.1015
2390,-0.4773,0.0991
2388,-0.4309,0.0894
2386,-0.3609,0.0749
2384,-0.2498,0.0518
2382,-0.1822,0.0378
2380,-0.1782,0.037
2378,-0.1969,0.0409
2376,-0.2334,0.0484
2374,-0.3146,0.0653
2372,-0.4916,0.102
2370,-0.5724,0.1188
2368,-0.625,0.1297
2366,-0.7764,0.1611
2364,-1.0861,0.2254
2362,-1.1952,0.248
2360,-1.3718,0.2847
2358,-1.575,0.3268
2356,-1.4674,0.3045
2354,-1.2821,0.266
2352,-1.0667,0.2213
2350,-0.6696,0.1389
2348,-0.3033,0.0629
2346,-0.1602,0.0335
2344,-0.1237,0.0261
2342,-0.0934,0.0204
2340,-0.0548,0.0138
2338,-0.0716,0.0165
2336,-0.1047,0.0223
2334,-0.1989,0.0413
2332,-0.3656,0.0759
2330,-0.4357,0.0904
2328,-0.4275,0.0903
2326,-0.4122,0.0872
2324,-0.4128,0.0873
2322,-0.5205,0.1082
2320,-0.9182,0.1905
2318,-1.0586,0.2197
2316,-1.0559,0.2191
2314,-1.0391,0.2156
2312,-1.0058,0.2087
2310,-0.837,0.1737
2308,-0.5705,0.1184
2306,-0.3646,0.0766
2304,-0.2539,0.0548
2302,-0.2049,0.0447
2300,-0.1535,0.0341
2298,-0.1191,0.0287
2296,-0.1733,0.036
2294,-0.256,0.0531
2292,-0.3768,0.0782
2290,-0.6441,0.1337
2288,-0.9164,0.1902
2286,-1.0192,0.2115
2284,-1.0908,0.2264
2282,-1.1,0.2283
2280,-1.0787,0.2238
2278,-1.0785,0.2238
2276,-1.082,0.2245
2274,-1.0031,0.2082
2272,-0.7881,0.1635
2270,-0.5684,0.118
2268,-0.4284,0.0889
2266,-0.369,0.0766
2264,-0.2904,0.0603
2262,-0.196,0.0429
2260,-0.0891,0.0214
2258,-0.073,0.0183
2256,-0.0968,0.0233
2254,-0.1385,0.0319
2252,-0.2005,0.0446
2250,-0.3772,0.0783
2248,-0.836,0.1735
2246,-1.079,0.2239
2244,-1.3139,0.2726
2242,-1.6003,0.3321
2240,-1.6562,0.3437
2238,-1.408,0.2922
2236,-1.0586,0.2197
2234,-0.6917,0.1435
2232,-0.4767,0.0989
2230,-0.3841,0.0797
2228,-0.3471,0.072
2226,-0.3478,0.0722
2224,-0.3686,0.0765
2222,-0.4343,0.0901
2220,-0.5224,0.1084
2218,-0.6046,0.1255
2216,-0.5278,0.1095
2214,-0.4837,0.1004
2212,-0.4638,0.0963
2210,-0.4724,0.098
2208,-0.5142,0.1067
2206,-0.7238,0.1502
2204,-1.0433,0.2165
2202,-1.1879,0.2465
2200,-1.2378,0.2569
2198,-1.2291,0.2551
2196,-1.1761,0.244
2194,-1.0393,0.2157
2192,-0.9061,0.188
2190,-0.6396,0.1327
2188,-0.4176,0.0867
2186,-0.3054,0.0634
2184,-0.2672,0.0554
2182,-0.2624,0.0545
2180,-0.2888,0.0599
2178,-0.3156,0.0655
2176,-0.4145,0.086
2174,-0.5542,0.115
2172,-0.6761,0.1403
2170,-0.7668,0.1591
2168,-0.8366,0.1736
2166,-0.9119,0.1892
2164,-1.0806,0.2242
2162,-1.4429,0.2994
2160,-2.0196,0.4191
2158,-2.738,0.5682
2156,-2.6999,0.5603
2154,-2.6733,0.5547
2152,-2.6211,0.5439
2150,-2.3806,0.494
2148,-1.8922,0.3927
2146,-1.3379,0.2776
2144,-0.6419,0.1332
2142,-0.288,0.0598
2140,-0.1002,0.0209
2138,-0.0775,0.0165
2136,-0.0636,0.0155
2134,-0.0646,0.0179
2132,-0.0623,0.0199
2130,-0.0886,0.025
2128,-0.1395,0.032
2126,-0.2258,0.0469
2124,-0.3684,0.0764
2122,-0.4108,0.0852
2120,-0.4499,0.0945
2118,-0.4463,0.0937
2116,-0.419,0.0879
2114,-0.394,0.082
2112,-0.4195,0.0871
2110,-0.5076,0.1053
2108,-0.5938,0.1232
2106,-0.6959,0.1444
2104,-0.6947,0.1442
2102,-0.5479,0.1137
2100,-0.4124,0.0856
2098,-0.3424,0.071
2096,-0.3466,0.0719
2094,-0.3902,0.081
2092,-0.4946,0.1026
2090,-0.8298,0.1722
2088,-1.229,0.255
2086,-1.3973,0.29
2084,-1.5227,0.316
2082,-1.607,0.3335
2080,-1.6886,0.3504
2078,-1.8316,0.3801
2076,-2.0948,0.4347
2074,-2.3153,0.4805
2072,-2.441,0.5065
2070,-2.4514,0.5087
2068,-2.3603,0.4898
2066,-2.1421,0.4445
2064,-1.8084,0.3753
2062,-1.4375,0.2983
2060,-1.2843,0.2665
2058,-1.0161,0.2109
2056,-0.7939,0.1648
2054,-0.7265,0.1508
2052,-0.7547,0.1566
2050,-0.8117,0.1684
2048,-0.9065,0.1881
2046,-0.9775,0.2028
2044,-0.9211,0.1911
2042,-0.8542,0.1773
2040,-0.8433,0.175
2038,-0.8709,0.1807
2036,-0.8134,0.1688
2034,-0.6289,0.1305
2032,-0.4435,0.092
2030,-0.302,0.0627
2028,-0.2292,0.0476
2026,-0.1892,0.0393
2024,-0.1839,0.0382
2022,-0.2403,0.0499
2020,-0.3015,0.0626
2018,-0.3568,0.074
2016,-0.5453,0.1132
2014,-0.8229,0.1708
2012,-0.7921,0.1644
2010,-0.7972,0.1654
2008,-1.0079,0.2092
2006,-1.1712,0.243
2004,-1.1252,0.2335
2002,-1.1107,0.2305
2000,-1.1183,0.2321
1998,-1.0643,0.2209
1996,-0.9521,0.1976
1994,-0.9355,0.1941
1992,-0.9368,0.1944
1990,-0.8446,0.1753
1988,-0.6311,0.131
1986,-0.4389,0.0911
1984,-0.3135,0.065
1982,-0.2463,0.0511
1980,-0.229,0.0475
1978,-0.2659,0.0552
1976,-0.3417,0.0709
1974,-0.3455,0.0717
1972,-0.3868,0.0803
1970,-0.4354,0.0903
1968,-0.4451,0.0924
1966,-0.477,0.099
1964,-0.7322,0.1519
1962,-1.4294,0.2966
1960,-1.4056,0.2917
1958,-1.3407,0.2782
1956,-1.3784,0.286
1954,-1.5495,0.3215
1952,-1.6513,0.3427
1950,-1.6042,0.3329
1948,-1.6132,0.3348
1946,-1.5888,0.3297
1944,-1.5561,0.3229
1942,-1.3898,0.2884
1940,-1.1046,0.2292
1938,-0.7914,0.1642
1936,-0.6844,0.142
1934,-0.5912,0.1227
1932,-0.4065,0.0843
1930,-0.3873,0.0804
1928,-0.3813,0.0791
1926,-0.3833,0.0795
1924,-0.4187,0.0869
1922,-0.5142,0.1067
1920,-0.6411,0.133
1918,-0.7185,0.1491
1916,-0.7782,0.1615
1914,-0.9183,0.1906
1912,-1.0385,0.2155
1910,-1.0633,0.2206
1908,-1.041,0.216
1906,-1.1053,0.2294
1904,-1.1545,0.2396
1902,-1.1702,0.2428
1900,-1.1539,0.2395
1898,-1.0939,0.227
1896,-0.9913,0.2057
1894,-0.9659,0.2004
1892,-0.9365,0.1943
1890,-0.9119,0.1892
1888,-0.8852,0.1837
1886,-0.906,0.188
1884,-0.9463,0.1964
1882,-0.9365,0.1943
1880,-0.8882,0.1843
1878,-0.8659,0.1797
1876,-0.8657,0.1796
1874,-0.8972,0.1862
1872,-0.9819,0.2038
1870,-1.216,0.2523
1868,-1.5928,0.3305
1866,-2.4151,0.5012
1864,-2.6775,0.5556
1862,-2.1954,0.4556
1860,-1.6443,0.3412
1858,-1.1584,0.2404
1856,-0.6524,0.1354
1854,-0.5283,0.1096
1852,-0.483,0.1002
1850,-0.5304,0.1101
1848,-0.7031,0.1459
1846,-0.7599,0.1577
1844,-0.7375,0.153
1842,-0.7251,0.1505
1840,-0.7616,0.158
1838,-0.7546,0.1566
1836,-0.7007,0.1454
1834,-0.6839,0.1419
1832,-0.6394,0.1327
1830,-0.5176,0.1074
1828,-0.5849,0.1214
1826,-0.8235,0.1709
1824,-0.9266,0.1923
1822,-1.0024,0.208
1820,-1.1872,0.2464
1818,-1.2668,0.2629
1816,-1.0601,0.22
1814,-0.919,0.1907
1812,-0.7455,0.1547
1810,-0.6568,0.1363
1808,-0.6078,0.1261
1806,-0.6931,0.1438
1804,-0.8411,0.1745
1802,-1.2373,0.2568
1800,-1.4388,0.2986
1798,-1.5103,0.3134
1796,-1.6632,0.3451
1794,-1.8432,0.3825
1792,-1.8271,0.3792
1790,-1.6291,0.3381
1788,-1.4315,0.2971
1786,-1.2607,0.2616
1784,-1.1876,0.2465
1782,-1.1469,0.238
1780,-0.8696,0.1805
1778,-0.7185,0.1491
1776,-0.654,0.1357
1774,-0.549,0.1139
1772,-0.4662,0.0967
1770,-0.4508,0.0935
1768,-0.4719,0.0979
1766,-0.4444,0.0922
1764,-0.4553,0.0945
1762,-0.4611,0.0957
1760,-0.4906,0.1018
1758,-0.5657,0.1174
1756,-0.7435,0.1543
1754,-1.0526,0.2184
1752,-1.6336,0.339
1750,-2.8208,0.5854
1748,-2.6983,0.5599
1746,-2.5035,0.5195
1744,-1.7986,0.3732
1742,-1.2881,0.2673
1740,-0.8784,0.1823
1738,-0.7048,0.1463
1736,-0.6205,0.1288
1734,-0.7646,0.1587
1732,-1.0079,0.2092
1730,-1.1199,0.2324
1728,-1.1344,0.2354
1726,-1.1459,0.2378
1724,-1.0629,0.2206
1722,-0.9016,0.1871
1720,-0.6661,0.1382
1718,-0.6158,0.1278
1716,-0.7013,0.1455
1714,-0.8843,0.1835
1712,-1.3538,0.2809
1710,-1.603,0.3326
1708,-2.1711,0.4505
1706,-2.3839,0.4947
1704,-2.35,0.4877
1702,-2.1998,0.4565
1700,-1.8036,0.3743
1698,-1.4566,0.3023
1696,-1.2792,0.2655
1694,-1.1943,0.2478
1692,-1.0258,0.2129
1690,-0.9733,0.202
1688,-0.9439,0.1959
1686,-0.8398,0.1743
1684,-0.7155,0.1485
1682,-0.6678,0.1386
1680,-0.7288,0.1512
1678,-0.7647,0.1587
1676,-0.7912,0.1642
1674,-0.8699,0.1805
1672,-1.1073,0.2298
1670,-1.1918,0.2473
1668,-1.2036,0.2498
1666,-1.3711,0.2845
1664,-1.555,0.3227
1662,-1.678,0.3482
1660,-1.8885,0.3919
1658,-2.308,0.4789
1656,-2.5528,0.5297
1654,-2.72,0.5644
1652,-2.4549,0.5094
1650,-2.2584,0.4686
1648,-1.9527,0.4052
1646,-1.7766,0.3687
1644,-1.5446,0.3205
1642,-1.2932,0.2684
1640,-1.0181,0.2113
1638,-0.836,0.1735
1636,-0.6884,0.1428
1634,-0.6251,0.1297
1632,-0.617,0.128
1630,-0.7335,0.1522
1628,-0.8811,0.1828
1626,-0.8879,0.1842
1624,-0.8103,0.1682
1622,-0.7976,0.1655
1620,-0.9215,0.1912
1618,-1.1487,0.2384
1616,-1.2504,0.2595
1614,-1.2685,0.2632
1612,-1.158,0.2403
1610,-1.0217,0.212
1608,-0.9008,0.1869
1606,-0.6423,0.1333
1604,-0.48,0.0996
1602,-0.3756,0.0779
1600,-0.4201,0.0872
1598,-0.5229,0.1085
1596,-0.6548,0.1359
1594,-0.9734,0.202
1592,-1.0673,0.2215
1590,-0.9587,0.199
1588,-0.904,0.1876
1586,-0.9418,0.1954
1584,-1.1237,0.2332
1582,-1.5653,0.3248
1580,-1.7706,0.3674
1578,-2.4571,0.5099
1576,-2.5672,0.5327
1574,-2.493,0.5173
1572,-2.045,0.4244
1570,-1.5352,0.3186
1568,-1.1865,0.2462
1566,-0.7486,0.1553
1564,-0.5904,0.1225
1562,-0.6093,0.1264
1560,-0.8138,0.1689
1558,-1.0319,0.2141
1556,-1.0487,0.2176
1554,-1.038,0.2154
1552,-0.978,0.203
1550,-1.0071,0.209
1548,-1.1038,0.2291
1546,-1.3581,0.2818
1544,-1.9458,0.4038
1542,-2.8154,0.5842
1540,-3.1814,0.6602
1538,-3.1446,0.6526
1536,-3.1402,0.6516
1534,-2.8468,0.5908
1532,-2.153,0.4468
1530,-1.7099,0.3548
1528,-1.4668,0.3044
1526,-1.1896,0.2469
1524,-0.857,0.1778
1522,-0.7422,0.154
1520,-0.7391,0.1534
1518,-0.7608,0.1579
1516,-0.7534,0.1563
1514,-0.7572,0.1571
1512,-0.9006,0.1869
1510,-1.5492,0.3215
1508,-2.3368,0.4849
1506,-2.7799,0.5769
1504,-2.6404,0.5479
1502,-2.7092,0.5622
1500,-2.6377,0.5474
1498,-2.4628,0.5111
1496,-2.2743,0.472
1494,-1.7763,0.3686
1492,-1.2522,0.2598
1490,-0.6007,0.1246
1488,-0.3814,0.0791
1486,-0.3265,0.0678
1484,-0.3359,0.0697
1482,-0.3264,0.0677
1480,-0.2784,0.0578
1478,-0.2468,0.0512
1476,-0.2251,0.0467
1474,-0.2228,0.0462
1472,-0.2695,0.0559
1470,-0.4323,0.0897
1468,-1.4797,0.3071
1466,-2.3255,0.4826
1464,-2.7249,0.5655
1462,-2.8901,0.5997
1460,-2.5899,0.5374
1458,-2.6828,0.5567
1456,-2.4693,0.5124
1454,-2.0683,0.4292
1452,-1.3934,0.2891
1450,-0.5938,0.1232
1448,-0.2873,0.0596
1446,-0.2046,0.0424
1444,-0.1725,0.0358
1442,-0.1443,0.03
1440,-0.1119,0.0232
1438,-0.0731,0.0153
1436,-0.0764,0.0159
1434,-0.0984,0.0204
1432,-0.1453,0.0302
1430,-0.2104,0.0437
1428,-0.3302,0.0685
1426,-0.529,0.1098
1424,-0.9797,0.2033
1422,-1.3007,0.2699
1420,-1.5328,0.3181
1418,-1.5716,0.3261
1416,-2.3568,0.4891
1414,-2.6899,0.5582
1412,-2.8749,0.5966
1410,-2.5523,0.5296
1408,-1.9758,0.41
1406,-1.6175,0.3356
1404,-1.3522,0.2806
1402,-0.8313,0.1725
1400,-0.5827,0.1209
1398,-0.4501,0.0934
1396,-0.4613,0.0957
1394,-0.5608,0.1164
1392,-0.6653,0.1381
1390,-0.722,0.1498
1388,-0.7958,0.1651
1386,-0.9094,0.1887
1384,-1.0006,0.2076
1382,-1.1462,0.2378
1380,-1.4033,0.2912
1378,-1.6414,0.3406
1376,-1.9488,0.4044
1374,-2.5115,0.5212
1372,-2.6551,0.551
1370,-2.4403,0.5064
1368,-2.2021,0.457
1366,-1.9944,0.4139
1364,-1.6119,0.3345
1362,-1.2921,0.2681
1360,-0.7932,0.1646
1358,-0.4827,0.1002
1356,-0.3719,0.0772
1354,-0.3351,0.0695
1352,-0.3532,0.0733
1350,-0.4589,0.0952
1348,-0.7483,0.1553
1346,-1.2126,0.2516
1344,-1.6838,0.3494
1342,-1.9022,0.3947
1340,-1.9715,0.4091
1338,-2.0067,0.4164
1336,-2.0764,0.4309
1334,-2.1967,0.4558
1332,-2.1228,0.4405
1330,-1.9876,0.4125
1328,-1.9715,0.4091
1326,-1.8819,0.3905
1324,-1.7135,0.3556
1322,-1.5388,0.3193
1320,-1.3957,0.2896
1318,-1.1652,0.2418
1316,-0.73,0.1515
1314,-0.629,0.1305
1312,-0.6599,0.1369
1310,-0.7141,0.1482
1308,-0.9799,0.2033
1306,-1.5394,0.3194
1304,-1.716,0.3561
1302,-1.8684,0.3877
1300,-2.4854,0.5158
1298,-2.4611,0.5107
1296,-2.235,0.4638
1294,-2.0901,0.4337
1292,-2.1848,0.4534
1290,-2.4421,0.5068
1288,-2.2198,0.4606
1286,-1.7034,0.3535
1284,-1.334,0.2768
1282,-0.8178,0.1697
1280,-0.6338,0.1315
1278,-0.6414,0.1331
1276,-0.856,0.1776
1274,-1.1202,0.2324
1272,-1.2113,0.2514
1270,-1.1924,0.2474
1268,-1.1439,0.2374
1266,-1.1289,0.2343
1264,-1.1706,0.2429
1262,-1.2156,0.2523
1260,-1.2808,0.2658
1258,-1.4301,0.2968
1256,-2.5139,0.5217
1254,-2.5963,0.5388
1252,-2.7323,0.567
1250,-2.8141,0.584
1248,-2.496,0.518
1246,-1.9371,0.402
1244,-1.3535,0.2809
1242,-0.5783,0.12
1240,-0.2325,0.0486
1238,-0.1227,0.0255
1236,-0.1378,0.0286
1234,-0.1439,0.0299
1232,-0.1406,0.0292
1230,-0.1778,0.0369
1228,-0.2298,0.048
1226,-0.3068,0.0643
1224,-0.452,0.0942
1222,-0.8806,0.1827
1220,-1.6873,0.3501
1218,-1.527,0.3169
1216,-1.5975,0.3315
1214,-2.2059,0.4578
1212,-2.3297,0.4834
1210,-2.3517,0.488
1208,-2.3511,0.4879
1206,-2.3783,0.4935
1204,-2.4048,0.499
1202,-2.6084,0.5413
1200,-2.8722,0.596
1198,-2.9934,0.6212
1196,-2.6847,0.5571
1194,-2.2272,0.4622
1192,-1.9151,0.3974
1190,-1.5854,0.329
1188,-1.1576,0.2402
1186,-0.8207,0.1703
1184,-0.8012,0.1663
1182,-0.9004,0.1868
1180,-0.9457,0.1962
1178,-1.0066,0.2089
1176,-1.109,0.2301
1174,-1.1102,0.2304
1172,-0.99,0.2054
1170,-0.824,0.171
1168,-0.6348,0.1317
1166,-0.5706,0.1184
1164,-0.5666,0.1176
1162,-0.6154,0.1277
1160,-0.6744,0.1399
1158,-0.7854,0.163
1156,-0.9468,0.1965
1154,-0.9988,0.2073
1152,-0.9581,0.1988
1150,-0.9896,0.2053
1148,-1.0366,0.2151
1146,-1.0631,0.2206
1144,-1.1277,0.234
1142,-1.289,0.2675
1140,-1.5954,0.3311
1138,-2.3358,0.4847
1136,-2.6599,0.552
1134,-2.4087,0.4998
1132,-2.3525,0.4882
1130,-2.5086,0.5206
1128,-2.8402,0.5894
1126,-2.8715,0.5959
1124,-2.8331,0.5879
1122,-2.6049,0.5406
1120,-2.1155,0.439
1118,-1.9021,0.3947
1116,-1.7851,0.3704
1114,-1.6883,0.3503
1112,-1.4359,0.298
1110,-1.2262,0.2545
1108,-1.2306,0.2554
1106,-1.2552,0.2605
1104,-1.5376,0.3191
1102,-1.7663,0.3665
1100,-2.0908,0.4339
1098,-2.0819,0.432
1096,-1.8979,0.3938
1094,-1.6309,0.3384
1092,-1.5487,0.3214
1090,-1.5604,0.3238
1088,-1.5226,0.316
1086,-1.4015,0.2908
1084,-1.3037,0.2705
1082,-1.229,0.255
1080,-1.0273,0.2132
1078,-0.5601,0.1162
1076,-0.3892,0.0808
1074,-0.2402,0.0499
1072,-0.1166,0.0245
1070,-0.0929,0.0194
1068,-0.1393,0.0289
1066,-0.2357,0.0489
1064,-0.7269,0.1508
1062,-1.996,0.4142
1060,-2.7378,0.5681
1058,-2.7655,0.5739
1056,-2.6215,0.544
1054,-2.4633,0.5112
1052,-2.4241,0.503
1050,-2.3804,0.494
1048,-2.3968,0.4974
1046,-2.9503,0.6122
1044,-2.9463,0.6114
1042,-2.8168,0.5845
1040,-2.9491,0.612
1038,-2.9757,0.6175
1036,-2.7693,0.5747
1034,-2.3012,0.4775
1032,-1.8408,0.382
1030,-1.5581,0.3233
1028,-1.1109,0.2305
1026,-0.9781,0.203
1024,-0.8303,0.1723
1022,-0.774,0.1606
1020,-0.8951,0.1857
1018,-1.0754,0.2232
1016,-1.212,0.2515
1014,-1.6233,0.3368
1012,-2.2529,0.4675
1010,-2.4166,0.5015
1008,-2.48,0.5146
1006,-2.4346,0.5052
1004,-2.3004,0.4774
1002,-1.9527,0.4052
1000,-1.6123,0.3346
998,-1.3799,0.2864
996,-1.4091,0.2924
994,-1.5674,0.3253
992,-1.7393,0.3609
990,-2.46,0.5105
988,-2.5836,0.5361
986,-2.3241,0.4823
984,-2.004,0.4159
982,-1.5581,0.3233
980,-1.2353,0.2563
978,-0.8731,0.1812
976,-0.8173,0.1696
974,-1.3804,0.2864
972,-1.704,0.3536
970,-2.4492,0.5082
968,-2.7401,0.5686
966,-3.0545,0.6338
964,-3.2731,0.6792
962,-2.8713,0.5958
960,-2.0617,0.4278
958,-1.2378,0.2569
956,-0.4484,0.0931
954,-0.1707,0.0359
952,-0.1372,0.0285
950,-0.162,0.0336
948,-0.2412,0.0501
946,-0.3207,0.0666
944,-0.4098,0.085
942,-0.5079,0.1054
940,-0.6241,0.1295
938,-0.8037,0.1668
936,-0.8741,0.1814
934,-1.0934,0.2269
932,-2.7007,0.5604
930,-2.774,0.5756
928,-3.0375,0.6303
926,-3.2404,0.6724
924,-3.3958,0.7047
922,-3.5829,0.7435
920,-3.3702,0.6994
918,-2.8405,0.5895
916,-2.1043,0.4367
914,-1.7867,0.3708
912,-1.7182,0.3565
910,-1.6386,0.34
908,-1.5333,0.3182
906,-1.6113,0.3344
904,-1.7031,0.3534
902,-1.9004,0.3944
900,-2.7105,0.5625
898,-2.7391,0.5684
896,-2.8783,0.5973
894,-2.9827,0.619
892,-2.8252,0.5863
890,-2.7104,0.5624
888,-2.6532,0.5506
886,-2.6142,0.5425
884,-2.6109,0.5418
882,-2.773,0.5754
880,-3.2299,0.6702
878,-3.3884,0.7031
876,-3.3962,0.7048
874,-3.4537,0.7167
872,-3.2962,0.684
870,-2.8147,0.5841
868,-2.124,0.4408
866,-1.541,0.3198
864,-0.8561,0.1777
862,-0.5548,0.1151
860,-0.4144,0.086
858,-0.3451,0.0716
856,-0.365,0.0757
854,-0.474,0.0984
852,-0.5375,0.1115
850,-0.5595,0.1161
848,-0.4851,0.1007
846,-0.4935,0.1024
844,-0.5274,0.1094
842,-0.7433,0.1542
840,-1.3649,0.2832
838,-1.8856,0.3913
836,-1.7613,0.3655
834,-1.7946,0.3724
832,-1.946,0.4038
830,-1.8343,0.3806
828,-1.7096,0.3548
826,-1.6582,0.3441
824,-1.5897,0.3299
822,-1.479,0.3069
820,-1.4726,0.3056
818,-1.5605,0.3238
816,-1.7193,0.3568
814,-2.3268,0.4828
812,-2.4567,0.5098
810,-2.6405,0.5479
808,-2.7576,0.5722
806,-2.9419,0.6105
804,-3.2968,0.6841
802,-3.4767,0.7215
800,-3.6523,0.7579
798,-3.6873,0.7652
796,-3.6855,0.7648
794,-3.2387,0.6721
792,-2.384,0.4947
790,-1.7409,0.3613
788,-1.0423,0.2163
786,-0.7129,0.1479
784,-0.5368,0.1114
782,-0.5087,0.1056
780,-0.4689,0.0973
778,-0.5079,0.1054
776,-0.6524,0.1354
774,-0.8938,0.1855
772,-1.1519,0.239
770,-1.3765,0.2856
768,-1.6393,0.3402
766,-2.0099,0.4171
764,-2.8188,0.5849
762,-2.8166,0.5845
760,-2.9582,0.6139
758,-3.1423,0.6521
756,-3.2583,0.6761
754,-3.3669,0.6987
752,-3.2433,0.673
750,-3.2381,0.672
748,-3.3266,0.6903
746,-3.2889,0.6825
744,-2.9175,0.6054
742,-2.2312,0.463
740,-1.9503,0.4047
738,-1.8863,0.3914
736,-1.7304,0.3591
734,-1.6476,0.3419
732,-1.6598,0.3444
730,-1.7662,0.3665
728,-2.3872,0.4954
726,-2.7256,0.5656
724,-3.0798,0.6391
722,-3.3635,0.698
720,-3.5941,0.7458
718,-3.5447,0.7356
716,-3.1241,0.6483
714,-2.2696,0.471
712,-1.7677,0.3668
710,-1.6016,0.3324
708,-1.6608,0.3446
706,-1.5151,0.3144
704,-1.3569,0.2816
702,-1.1897,0.2469
700,-0.9702,0.2013
698,-0.6161,0.1279
696,-0.428,0.0888
694,-0.4236,0.0879
692,-0.4725,0.098
690,-0.5583,0.1159
688,-2.2161,0.4599
686,-2.5404,0.5272
684,-2.4556,0.5096
682,-2.784,0.5777
680,-2.7877,0.5785
678,-2.9082,0.6035
676,-2.8656,0.5946
674,-2.815,0.5841
672,-2.8099,0.5831
670,-2.8743,0.5965
668,-3.0148,0.6256
666,-3.3545,0.6961
664,-3.4485,0.7156
662,-3.5894,0.7449
660,-3.6178,0.7507
658,-3.3331,0.6917
656,-3.2211,0.6684
654,-3.3156,0.688
652,-3.3207,0.6891
650,-3.2537,0.6752
648,-3.1987,0.6638
646,-3.1789,0.6597
644,-3.2007,0.6642
642,-3.5402,0.7346
640,-3.7038,0.7686
638,-3.7995,0.7884
636,-3.8867,0.8065
634,-3.9486,0.8194
632,-4.0522,0.8409
630,-4.1452,0.8602
628,-4.0154,0.8333
626,-3.5093,0.7282
624,-2.6809,0.5563
622,-2.1568,0.4476
620,-1.6019,0.3324
618,-1.0869,0.2255
616,-0.7973,0.1654
614,-0.6551,0.136
612,-0.55,0.1141
610,-0.5909,0.1226
608,-0.8204,0.1702
606,-1.1389,0.2363
604,-1.0356,0.2149
602,-1.1075,0.2298
600,-1.2456,0.2585
598,-1.2029,0.2496
596,-1.2408,0.2575
594,-1.4603,0.303
592,-1.7747,0.3683
590,-2.1877,0.454
588,-2.3517,0.488
586,-2.8319,0.5877
584,-2.4547,0.5094
582,-2.059,0.4273
580,-1.2873,0.2671
578,-0.5803,0.1204
576,-0.3478,0.0723
574,-0.3762,0.0781
572,-0.6201,0.1287
570,-1.4891,0.309
568,-1.6889,0.3505
566,-1.6817,0.349
564,-1.8533,0.3846
562,-2.3235,0.4821
560,-2.2897,0.4751
558,-2.3542,0.4885
556,-2.4586,0.5102
554,-2.6789,0.5559
552,-3.0992,0.6431
550,-3.2547,0.6754
548,-3.2296,0.6702
546,-3.2241,0.669
544,-3.0581,0.6346
542,-2.9309,0.6082
540,-2.8575,0.593
538,-2.7906,0.5791
536,-2.5942,0.5383
534,-2.05,0.4254
532,-1.6843,0.3495
530,-1.4151,0.2936
528,-1.3463,0.2794
526,-1.2304,0.2553
524,-1.2543,0.2603
522,-1.4033,0.2912
520,-1.5551,0.3227
518,-1.6358,0.3395
516,-1.7573,0.3647
514,-1.9965,0.4143
512,-2.0624,0.428
510,-1.9076,0.3959
508,-1.68,0.3486
506,-1.5409,0.3198
504,-1.3113,0.2721
502,-1.2557,0.2606
500,-1.2619,0.2619
498,-1.1991,0.2488
496,-1.1669,0.2422
494,-1.1028,0.2289
492,-0.8783,0.1823
490,-0.6303,0.1308
488,-0.5927,0.123
486,-0.639,0.1326
484,-0.7417,0.1539
482,-1.2044,0.2499
480,-2.7821,0.5773
478,-2.6693,0.5539
476,-2.9096,0.6038
474,-3.1106,0.6455
472,-3.0949,0.6422
470,-2.9635,0.615
468,-2.8511,0.5916
466,-2.7993,0.5809
464,-2.859,0.5933
462,-2.9499,0.6121
460,-3.074,0.6379
458,-3.1452,0.6527
456,-3.1058,0.6445
454,-3.0993,0.6431
452,-3.1518,0.654
450,-3.2423,0.6728
448,-3.1755,0.659
446,-3.2858,0.6818
444,-3.5414,0.7349
442,-3.8232,0.7934
440,-3.855,0.8
438,-3.8922,0.8077
436,-3.9963,0.8293
434,-4.105,0.8519
432,-4.1855,0.8685
430,-3.886,0.8064
428,-3.095,0.6423
426,-2.2959,0.4764
424,-1.908,0.3959
422,-1.6333,0.3389
420,-1.3262,0.2752
418,-1.0162,0.2109
416,-0.5972,0.1239
414,-0.3461,0.0718
412,-0.1784,0.037
410,-0.0386,0.0139
408,0.051,0.0153
406,0.1164,0.0265
404,0.1475,0.0326
402,0.1384,0.0307
400,-0.0128,0.0252
398,-0.21,0.0499
396,-0.8003,0.1661
394,-1.4545,0.3018
392,-1.7359,0.3602
390,-1.6867,0.35
388,-1.6819,0.349
386,-1.8161,0.3769
384,-2.0131,0.4178
382,-2.1344,0.4429
380,-2.1991,0.4563
378,-2.2616,0.4693
376,-2.2519,0.4673
374,-2.3369,0.4849
372,-2.4025,0.4986
370,-2.4761,0.5138
368,-2.5446,0.528
366,-2.6581,0.5516
364,-2.7681,0.5744
362,-2.8792,0.5975
360,-2.912,0.6043
358,-2.8651,0.5945
356,-2.8199,0.5852
354,-2.7396,0.5685
352,-3.0815,0.6395
350,-3.1582,0.6554
348,-3.18,0.6599
346,-3.3336,0.6918
344,-3.5498,0.7366
342,-3.6632,0.7602
340,-3.0551,0.634
338,-2.1545,0.4471
336,-1.5318,0.3179
334,-0.7254,0.1505
332,-0.1972,0.0409
330,-0.0861,0.0183
328,-0.0513,0.0112
326,-0.0566,0.0118
324,-0.1016,0.0211
322,-0.2287,0.0475
320,-0.4935,0.1024
318,-0.6558,0.1361
316,-0.643,0.1334
314,-0.6389,0.1326
312,-0.664,0.1378
310,-0.7841,0.1627
308,-2.245,0.4659
306,-2.5935,0.5382
304,-2.639,0.5476
302,-2.2572,0.4684
300,-2.5511,0.5294
298,-2.4814,0.5149
296,-2.4462,0.5076
294,-2.3639,0.4905
292,-2.2425,0.4653
290,-1.8731,0.3887
288,-1.6415,0.3406
286,-1.4636,0.3037
284,-1.5164,0.3147
282,-1.73,0.359
280,-2.2922,0.4757
278,-2.7902,0.579
276,-2.8627,0.5941
274,-2.9717,0.6167
272,-2.9705,0.6164
270,-2.8951,0.6008
268,-2.7917,0.5793
266,-2.7028,0.5609
264,-2.7044,0.5612
262,-2.7388,0.5683
260,-2.8637,0.5943
258,-3.1324,0.65
256,-2.9477,0.6117
254,-3.1058,0.6445
252,-3.0568,0.6343
250,-2.8153,0.5842
248,-2.3801,0.4939
246,-1.9775,0.4104
244,-1.5512,0.3219
242,-0.8053,0.1671
240,-0.3894,0.0808
238,-0.3345,0.0694
236,-0.5405,0.1122
234,-2.3907,0.4961
232,-2.7325,0.567
230,-2.9274,0.6075
228,-3.1493,0.6535
226,-3.0366,0.6301
224,-2.8829,0.5982
222,-2.6497,0.5498
220,-1.9305,0.4006
218,-1.1556,0.2398
216,-0.6401,0.1328
214,-0.569,0.1181
212,-0.6108,0.1268
210,-0.6518,0.1353
208,-0.7657,0.1589
206,-1.0039,0.2083
204,-0.8596,0.1784
202,-0.7326,0.152
200,-0.669,0.1388
198,-0.7066,0.1466
196,-0.8004,0.1661
194,-0.9802,0.2034
192,-2.3142,0.4802
190,-2.8244,0.5861
188,-3.6491,0.7572
186,-3.7902,0.7865
184,-3.7818,0.7848
182,-3.5782,0.7425
180,-3.2129,0.6667
178,-2.9968,0.6219
176,-2.6471,0.5493
174,-2.4395,0.5062
172,-2.4828,0.5152
170,-2.7169,0.5638
168,-3.1308,0.6497
166,-3.2049,0.6651
164,-3.4648,0.719
162,-3.5746,0.7418
160,-3.5361,0.7338
158,-3.4773,0.7216
156,-3.2747,0.6795
154,-3.0833,0.6398
152,-3.0092,0.6244
150,-3.0835,0.6399
148,-3.2604,0.6766
146,-3.5312,0.7328
144,-3.5942,0.7459
142,-3.6679,0.7611
140,-3.794,0.7873
138,-3.82,0.7927
136,-3.7149,0.7709
134,-2.982,0.6188
132,-1.8557,0.3851
130,-1.0153,0.2107
128,-0.5632,0.1169
126,-0.1642,0.0341
124,0.0822,0.0171
122,0.0539,0.0169
120,-0.0026,0.0245
118,-0.1148,0.0392
116,-0.4744,0.0984
114,-1.5722,0.3263
112,-2.6853,0.5572
110,-2.314,0.4802
108,-2.1346,0.443
106,-1.9033,0.395
104,-1.6209,0.3364
102,-1.5089,0.3131
100,-1.4901,0.3092
98,-1.4619,0.3034
96,-1.4008,0.2907
94,-1.4345,0.2977
92,-1.596,0.3312
90,-1.6365,0.3396
88,-1.6133,0.3348
86,-1.5203,0.3155
84,-1.3817,0.2867
82,-1.2254,0.2543
80,-1.3373,0.2775
78,-1.5344,0.3184
76,-1.6297,0.3382
74,-1.7414,0.3614
72,-2.3848,0.4949
70,-2.7356,0.5677
68,-3.0491,0.6327
66,-3.1461,0.6529
64,-3.0224,0.6272
62,-2.9632,0.6149
60,-2.9023,0.6023
58,-2.7551,0.5717
56,-2.4376,0.5058
54,-2.3381,0.4852
52,-2.3152,0.4804
50,-2.3816,0.4942
48,-2.4062,0.4993
46,-2.4286,0.504
44,-2.4695,0.5125
42,-2.614,0.5424
40,-2.6803,0.5562
38,-2.631,0.546
36,-2.6473,0.5493
34,-2.7875,0.5784
32,-2.9725,0.6168
30,-3.2707,0.6787
28,-3.426,0.7109
26,-3.5129,0.729
24,-3.6602,0.7595
22,-3.8135,0.7913
20,-3.9495,0.8196
18,-3.9425,0.8181
16,-3.2669,0.6779
14,-2.1233,0.4406
12,-1.2735,0.2643
10,-0.6211,0.1289
8,-0.2313,0.048
6,-0.1692,0.0351
4,-0.1181,0.0245
2,-0.015,0.012